dataset,budget_per_class,noise_rate,noise_type,method,mean_macro_f1,std_macro_f1,n_seeds
ag_news,8,0.0,class_conditional,linear_svm_hinge,0.474464,0.046628,5
ag_news,8,0.0,class_conditional,multinomial_nb,0.516255,0.030569,5
ag_news,8,0.0,class_conditional,softmax_logreg,0.493012,0.034378,5
ag_news,8,0.0,class_conditional,trimmed_softmax_logreg,0.416377,0.076036,5
ag_news,8,0.0,symmetric,linear_svm_hinge,0.474464,0.046628,5
ag_news,8,0.0,symmetric,multinomial_nb,0.516255,0.030569,5
ag_news,8,0.0,symmetric,softmax_logreg,0.493012,0.034378,5
ag_news,8,0.0,symmetric,trimmed_softmax_logreg,0.416377,0.076036,5
ag_news,8,0.05,class_conditional,linear_svm_hinge,0.428486,0.071274,5
ag_news,8,0.05,class_conditional,multinomial_nb,0.487044,0.039294,5
ag_news,8,0.05,class_conditional,softmax_logreg,0.450573,0.053881,5
ag_news,8,0.05,class_conditional,trimmed_softmax_logreg,0.298449,0.024924,5
ag_news,8,0.05,symmetric,linear_svm_hinge,0.443223,0.039456,5
ag_news,8,0.05,symmetric,multinomial_nb,0.489580,0.029010,5
ag_news,8,0.05,symmetric,softmax_logreg,0.461703,0.036499,5
ag_news,8,0.05,symmetric,trimmed_softmax_logreg,0.336780,0.007186,5
ag_news,8,0.1,class_conditional,linear_svm_hinge,0.421362,0.053777,5
ag_news,8,0.1,class_conditional,multinomial_nb,0.456723,0.038343,5
ag_news,8,0.1,class_conditional,softmax_logreg,0.405645,0.030317,5
ag_news,8,0.1,class_conditional,trimmed_softmax_logreg,0.300853,0.048838,5
ag_news,8,0.1,symmetric,linear_svm_hinge,0.437839,0.049438,5
ag_news,8,0.1,symmetric,multinomial_nb,0.468569,0.038688,5
ag_news,8,0.1,symmetric,softmax_logreg,0.423531,0.052364,5
ag_news,8,0.1,symmetric,trimmed_softmax_logreg,0.303191,0.040262,5
ag_news,8,0.2,class_conditional,linear_svm_hinge,0.369670,0.067199,5
ag_news,8,0.2,class_conditional,multinomial_nb,0.404563,0.054641,5
ag_news,8,0.2,class_conditional,softmax_logreg,0.350171,0.062710,5
ag_news,8,0.2,class_conditional,trimmed_softmax_logreg,0.302782,0.060662,5
ag_news,8,0.2,symmetric,linear_svm_hinge,0.371483,0.055643,5
ag_news,8,0.2,symmetric,multinomial_nb,0.406321,0.048461,5
ag_news,8,0.2,symmetric,softmax_logreg,0.361450,0.062091,5
ag_news,8,0.2,symmetric,trimmed_softmax_logreg,0.288534,0.041456,5
ag_news,8,0.3,class_conditional,linear_svm_hinge,0.343956,0.044490,5
ag_news,8,0.3,class_conditional,multinomial_nb,0.368726,0.038212,5
ag_news,8,0.3,class_conditional,softmax_logreg,0.335487,0.035202,5
ag_news,8,0.3,class_conditional,trimmed_softmax_logreg,0.276555,0.032455,5
ag_news,8,0.3,symmetric,linear_svm_hinge,0.299394,0.040520,5
ag_news,8,0.3,symmetric,multinomial_nb,0.346783,0.045533,5
ag_news,8,0.3,symmetric,softmax_logreg,0.297798,0.054561,5
ag_news,8,0.3,symmetric,trimmed_softmax_logreg,0.237483,0.050236,5
ag_news,16,0.0,class_conditional,linear_svm_hinge,0.551650,0.029684,5
ag_news,16,0.0,class_conditional,multinomial_nb,0.606874,0.015931,5
ag_news,16,0.0,class_conditional,softmax_logreg,0.582915,0.011695,5
ag_news,16,0.0,class_conditional,trimmed_softmax_logreg,0.527831,0.020980,5
ag_news,16,0.0,symmetric,linear_svm_hinge,0.551650,0.029684,5
ag_news,16,0.0,symmetric,multinomial_nb,0.606874,0.015931,5
ag_news,16,0.0,symmetric,softmax_logreg,0.582915,0.011695,5
ag_news,16,0.0,symmetric,trimmed_softmax_logreg,0.527831,0.020980,5
ag_news,16,0.05,class_conditional,linear_svm_hinge,0.541147,0.022733,5
ag_news,16,0.05,class_conditional,multinomial_nb,0.586107,0.023486,5
ag_news,16,0.05,class_conditional,softmax_logreg,0.556578,0.017473,5
ag_news,16,0.05,class_conditional,trimmed_softmax_logreg,0.425051,0.061897,5
ag_news,16,0.05,symmetric,linear_svm_hinge,0.522644,0.025534,5
ag_news,16,0.05,symmetric,multinomial_nb,0.583673,0.021352,5
ag_news,16,0.05,symmetric,softmax_logreg,0.549582,0.021818,5
ag_news,16,0.05,symmetric,trimmed_softmax_logreg,0.390993,0.046486,5
ag_news,16,0.1,class_conditional,linear_svm_hinge,0.505136,0.033889,5
ag_news,16,0.1,class_conditional,multinomial_nb,0.557358,0.033663,5
ag_news,16,0.1,class_conditional,softmax_logreg,0.524863,0.037951,5
ag_news,16,0.1,class_conditional,trimmed_softmax_logreg,0.357295,0.032586,5
ag_news,16,0.1,symmetric,linear_svm_hinge,0.491038,0.039211,5
ag_news,16,0.1,symmetric,multinomial_nb,0.559394,0.020839,5
ag_news,16,0.1,symmetric,softmax_logreg,0.511853,0.021659,5
ag_news,16,0.1,symmetric,trimmed_softmax_logreg,0.377437,0.044211,5
ag_news,16,0.2,class_conditional,linear_svm_hinge,0.446564,0.023321,5
ag_news,16,0.2,class_conditional,multinomial_nb,0.484998,0.023050,5
ag_news,16,0.2,class_conditional,softmax_logreg,0.435973,0.040533,5
ag_news,16,0.2,class_conditional,trimmed_softmax_logreg,0.321256,0.042321,5
ag_news,16,0.2,symmetric,linear_svm_hinge,0.445456,0.044952,5
ag_news,16,0.2,symmetric,multinomial_nb,0.499620,0.028232,5
ag_news,16,0.2,symmetric,softmax_logreg,0.439950,0.032393,5
ag_news,16,0.2,symmetric,trimmed_softmax_logreg,0.309519,0.037823,5
ag_news,16,0.3,class_conditional,linear_svm_hinge,0.369732,0.058683,5
ag_news,16,0.3,class_conditional,multinomial_nb,0.439793,0.049800,5
ag_news,16,0.3,class_conditional,softmax_logreg,0.384617,0.049145,5
ag_news,16,0.3,class_conditional,trimmed_softmax_logreg,0.300003,0.018220,5
ag_news,16,0.3,symmetric,linear_svm_hinge,0.389217,0.045600,5
ag_news,16,0.3,symmetric,multinomial_nb,0.437858,0.046077,5
ag_news,16,0.3,symmetric,softmax_logreg,0.359804,0.049835,5
ag_news,16,0.3,symmetric,trimmed_softmax_logreg,0.284604,0.021528,5
ag_news,32,0.0,class_conditional,linear_svm_hinge,0.631888,0.035605,5
ag_news,32,0.0,class_conditional,multinomial_nb,0.702758,0.010911,5
ag_news,32,0.0,class_conditional,softmax_logreg,0.682114,0.015545,5
ag_news,32,0.0,class_conditional,trimmed_softmax_logreg,0.627544,0.029857,5
ag_news,32,0.0,symmetric,linear_svm_hinge,0.631888,0.035605,5
ag_news,32,0.0,symmetric,multinomial_nb,0.702758,0.010911,5
ag_news,32,0.0,symmetric,softmax_logreg,0.682114,0.015545,5
ag_news,32,0.0,symmetric,trimmed_softmax_logreg,0.627544,0.029857,5
ag_news,32,0.05,class_conditional,linear_svm_hinge,0.570751,0.024056,5
ag_news,32,0.05,class_conditional,multinomial_nb,0.673197,0.015694,5
ag_news,32,0.05,class_conditional,softmax_logreg,0.646099,0.015055,5
ag_news,32,0.05,class_conditional,trimmed_softmax_logreg,0.456940,0.054482,5
ag_news,32,0.05,symmetric,linear_svm_hinge,0.585944,0.072474,5
ag_news,32,0.05,symmetric,multinomial_nb,0.673557,0.011388,5
ag_news,32,0.05,symmetric,softmax_logreg,0.648519,0.017342,5
ag_news,32,0.05,symmetric,trimmed_softmax_logreg,0.454778,0.036597,5
ag_news,32,0.1,class_conditional,linear_svm_hinge,0.560616,0.045422,5
ag_news,32,0.1,class_conditional,multinomial_nb,0.644575,0.025499,5
ag_news,32,0.1,class_conditional,softmax_logreg,0.610704,0.020563,5
ag_news,32,0.1,class_conditional,trimmed_softmax_logreg,0.430061,0.046584,5
ag_news,32,0.1,symmetric,linear_svm_hinge,0.561173,0.028345,5
ag_news,32,0.1,symmetric,multinomial_nb,0.657961,0.025814,5
ag_news,32,0.1,symmetric,softmax_logreg,0.622228,0.038792,5
ag_news,32,0.1,symmetric,trimmed_softmax_logreg,0.405186,0.068184,5
ag_news,32,0.2,class_conditional,linear_svm_hinge,0.513826,0.029428,5
ag_news,32,0.2,class_conditional,multinomial_nb,0.601607,0.014389,5
ag_news,32,0.2,class_conditional,softmax_logreg,0.565815,0.024681,5
ag_news,32,0.2,class_conditional,trimmed_softmax_logreg,0.477488,0.032780,5
ag_news,32,0.2,symmetric,linear_svm_hinge,0.491745,0.027372,5
ag_news,32,0.2,symmetric,multinomial_nb,0.597368,0.013828,5
ag_news,32,0.2,symmetric,softmax_logreg,0.540656,0.046680,5
ag_news,32,0.2,symmetric,trimmed_softmax_logreg,0.383309,0.036227,5
ag_news,32,0.3,class_conditional,linear_svm_hinge,0.499555,0.053286,5
ag_news,32,0.3,class_conditional,multinomial_nb,0.541080,0.028904,5
ag_news,32,0.3,class_conditional,softmax_logreg,0.499435,0.043599,5
ag_news,32,0.3,class_conditional,trimmed_softmax_logreg,0.361002,0.048507,5
ag_news,32,0.3,symmetric,linear_svm_hinge,0.462690,0.042961,5
ag_news,32,0.3,symmetric,multinomial_nb,0.552532,0.029273,5
ag_news,32,0.3,symmetric,softmax_logreg,0.480960,0.046723,5
ag_news,32,0.3,symmetric,trimmed_softmax_logreg,0.376784,0.020398,5
ag_news,64,0.0,class_conditional,linear_svm_hinge,0.675953,0.050695,5
ag_news,64,0.0,class_conditional,multinomial_nb,0.758155,0.008209,5
ag_news,64,0.0,class_conditional,softmax_logreg,0.737919,0.010505,5
ag_news,64,0.0,class_conditional,trimmed_softmax_logreg,0.688223,0.029069,5
ag_news,64,0.0,symmetric,linear_svm_hinge,0.675953,0.050695,5
ag_news,64,0.0,symmetric,multinomial_nb,0.758155,0.008209,5
ag_news,64,0.0,symmetric,softmax_logreg,0.737919,0.010505,5
ag_news,64,0.0,symmetric,trimmed_softmax_logreg,0.688223,0.029069,5
ag_news,64,0.05,class_conditional,linear_svm_hinge,0.683872,0.027271,5
ag_news,64,0.05,class_conditional,multinomial_nb,0.746502,0.005778,5
ag_news,64,0.05,class_conditional,softmax_logreg,0.727048,0.010281,5
ag_news,64,0.05,class_conditional,trimmed_softmax_logreg,0.592230,0.056384,5
ag_news,64,0.05,symmetric,linear_svm_hinge,0.635630,0.034410,5
ag_news,64,0.05,symmetric,multinomial_nb,0.744545,0.007024,5
ag_news,64,0.05,symmetric,softmax_logreg,0.725676,0.011195,5
ag_news,64,0.05,symmetric,trimmed_softmax_logreg,0.555735,0.037063,5
ag_news,64,0.1,class_conditional,linear_svm_hinge,0.633029,0.062047,5
ag_news,64,0.1,class_conditional,multinomial_nb,0.721859,0.009444,5
ag_news,64,0.1,class_conditional,softmax_logreg,0.691270,0.014582,5
ag_news,64,0.1,class_conditional,trimmed_softmax_logreg,0.498193,0.041218,5
ag_news,64,0.1,symmetric,linear_svm_hinge,0.642102,0.036286,5
ag_news,64,0.1,symmetric,multinomial_nb,0.721501,0.010252,5
ag_news,64,0.1,symmetric,softmax_logreg,0.684298,0.019411,5
ag_news,64,0.1,symmetric,trimmed_softmax_logreg,0.506389,0.066699,5
ag_news,64,0.2,class_conditional,linear_svm_hinge,0.551167,0.041827,5
ag_news,64,0.2,class_conditional,multinomial_nb,0.683318,0.013359,5
ag_news,64,0.2,class_conditional,softmax_logreg,0.626352,0.025261,5
ag_news,64,0.2,class_conditional,trimmed_softmax_logreg,0.489553,0.008685,5
ag_news,64,0.2,symmetric,linear_svm_hinge,0.534894,0.074368,5
ag_news,64,0.2,symmetric,multinomial_nb,0.688486,0.011737,5
ag_news,64,0.2,symmetric,softmax_logreg,0.632524,0.030603,5
ag_news,64,0.2,symmetric,trimmed_softmax_logreg,0.440016,0.031510,5
ag_news,64,0.3,class_conditional,linear_svm_hinge,0.529555,0.060218,5
ag_news,64,0.3,class_conditional,multinomial_nb,0.613263,0.016265,5
ag_news,64,0.3,class_conditional,softmax_logreg,0.533639,0.007152,5
ag_news,64,0.3,class_conditional,trimmed_softmax_logreg,0.362234,0.057378,5
ag_news,64,0.3,symmetric,linear_svm_hinge,0.534253,0.062739,5
ag_news,64,0.3,symmetric,multinomial_nb,0.641836,0.009563,5
ag_news,64,0.3,symmetric,softmax_logreg,0.525682,0.030337,5
ag_news,64,0.3,symmetric,trimmed_softmax_logreg,0.384244,0.018672,5
ag_news,128,0.0,class_conditional,linear_svm_hinge,0.741737,0.019205,5
ag_news,128,0.0,class_conditional,multinomial_nb,0.797631,0.011691,5
ag_news,128,0.0,class_conditional,softmax_logreg,0.775160,0.012419,5
ag_news,128,0.0,class_conditional,trimmed_softmax_logreg,0.685754,0.024981,5
ag_news,128,0.0,symmetric,linear_svm_hinge,0.741737,0.019205,5
ag_news,128,0.0,symmetric,multinomial_nb,0.797631,0.011691,5
ag_news,128,0.0,symmetric,softmax_logreg,0.775160,0.012419,5
ag_news,128,0.0,symmetric,trimmed_softmax_logreg,0.685754,0.024981,5
ag_news,128,0.05,class_conditional,linear_svm_hinge,0.715625,0.036313,5
ag_news,128,0.05,class_conditional,multinomial_nb,0.795388,0.015641,5
ag_news,128,0.05,class_conditional,softmax_logreg,0.768884,0.015033,5
ag_news,128,0.05,class_conditional,trimmed_softmax_logreg,0.640947,0.038225,5
ag_news,128,0.05,symmetric,linear_svm_hinge,0.726048,0.048592,5
ag_news,128,0.05,symmetric,multinomial_nb,0.789503,0.016882,5
ag_news,128,0.05,symmetric,softmax_logreg,0.762150,0.014683,5
ag_news,128,0.05,symmetric,trimmed_softmax_logreg,0.636769,0.051010,5
ag_news,128,0.1,class_conditional,linear_svm_hinge,0.658796,0.025696,5
ag_news,128,0.1,class_conditional,multinomial_nb,0.776515,0.012420,5
ag_news,128,0.1,class_conditional,softmax_logreg,0.759947,0.015929,5
ag_news,128,0.1,class_conditional,trimmed_softmax_logreg,0.637303,0.020504,5
ag_news,128,0.1,symmetric,linear_svm_hinge,0.681531,0.057162,5
ag_news,128,0.1,symmetric,multinomial_nb,0.779216,0.012321,5
ag_news,128,0.1,symmetric,softmax_logreg,0.752530,0.015384,5
ag_news,128,0.1,symmetric,trimmed_softmax_logreg,0.601120,0.056012,5
ag_news,128,0.2,class_conditional,linear_svm_hinge,0.632278,0.079455,5
ag_news,128,0.2,class_conditional,multinomial_nb,0.724596,0.018086,5
ag_news,128,0.2,class_conditional,softmax_logreg,0.697355,0.020294,5
ag_news,128,0.2,class_conditional,trimmed_softmax_logreg,0.512889,0.042364,5
ag_news,128,0.2,symmetric,linear_svm_hinge,0.643879,0.048974,5
ag_news,128,0.2,symmetric,multinomial_nb,0.746636,0.014693,5
ag_news,128,0.2,symmetric,softmax_logreg,0.708835,0.025554,5
ag_news,128,0.2,symmetric,trimmed_softmax_logreg,0.506217,0.077727,5
ag_news,128,0.3,class_conditional,linear_svm_hinge,0.600348,0.045412,5
ag_news,128,0.3,class_conditional,multinomial_nb,0.654702,0.014502,5
ag_news,128,0.3,class_conditional,softmax_logreg,0.651930,0.028663,5
ag_news,128,0.3,class_conditional,trimmed_softmax_logreg,0.488060,0.062471,5
ag_news,128,0.3,symmetric,linear_svm_hinge,0.515090,0.044478,5
ag_news,128,0.3,symmetric,multinomial_nb,0.695119,0.003180,5
ag_news,128,0.3,symmetric,softmax_logreg,0.670469,0.026804,5
ag_news,128,0.3,symmetric,trimmed_softmax_logreg,0.457351,0.044775,5
dbpedia_14,8,0.0,class_conditional,linear_svm_hinge,0.617503,0.051071,5
dbpedia_14,8,0.0,class_conditional,multinomial_nb,0.761650,0.013035,5
dbpedia_14,8,0.0,class_conditional,softmax_logreg,0.777192,0.010009,5
dbpedia_14,8,0.0,class_conditional,trimmed_softmax_logreg,0.615722,0.030208,5
dbpedia_14,8,0.0,symmetric,linear_svm_hinge,0.617503,0.051071,5
dbpedia_14,8,0.0,symmetric,multinomial_nb,0.761650,0.013035,5
dbpedia_14,8,0.0,symmetric,softmax_logreg,0.777192,0.010009,5
dbpedia_14,8,0.0,symmetric,trimmed_softmax_logreg,0.615722,0.030208,5
dbpedia_14,8,0.05,class_conditional,linear_svm_hinge,0.573854,0.050540,5
dbpedia_14,8,0.05,class_conditional,multinomial_nb,0.712122,0.012465,5
dbpedia_14,8,0.05,class_conditional,softmax_logreg,0.705954,0.026801,5
dbpedia_14,8,0.05,class_conditional,trimmed_softmax_logreg,0.536465,0.021864,5
dbpedia_14,8,0.05,symmetric,linear_svm_hinge,0.604582,0.024113,5
dbpedia_14,8,0.05,symmetric,multinomial_nb,0.711291,0.025044,5
dbpedia_14,8,0.05,symmetric,softmax_logreg,0.684463,0.028596,5
dbpedia_14,8,0.05,symmetric,trimmed_softmax_logreg,0.522922,0.025301,5
dbpedia_14,8,0.1,class_conditional,linear_svm_hinge,0.569159,0.031406,5
dbpedia_14,8,0.1,class_conditional,multinomial_nb,0.662838,0.029971,5
dbpedia_14,8,0.1,class_conditional,softmax_logreg,0.631597,0.035640,5
dbpedia_14,8,0.1,class_conditional,trimmed_softmax_logreg,0.499333,0.039543,5
dbpedia_14,8,0.1,symmetric,linear_svm_hinge,0.597326,0.025361,5
dbpedia_14,8,0.1,symmetric,multinomial_nb,0.706652,0.035670,5
dbpedia_14,8,0.1,symmetric,softmax_logreg,0.682911,0.043638,5
dbpedia_14,8,0.1,symmetric,trimmed_softmax_logreg,0.525915,0.040238,5
dbpedia_14,8,0.2,class_conditional,linear_svm_hinge,0.539888,0.035125,5
dbpedia_14,8,0.2,class_conditional,multinomial_nb,0.618681,0.062946,5
dbpedia_14,8,0.2,class_conditional,softmax_logreg,0.600573,0.086827,5
dbpedia_14,8,0.2,class_conditional,trimmed_softmax_logreg,0.478070,0.035038,5
dbpedia_14,8,0.2,symmetric,linear_svm_hinge,0.561593,0.045675,5
dbpedia_14,8,0.2,symmetric,multinomial_nb,0.622939,0.037234,5
dbpedia_14,8,0.2,symmetric,softmax_logreg,0.573401,0.055883,5
dbpedia_14,8,0.2,symmetric,trimmed_softmax_logreg,0.449179,0.030872,5
dbpedia_14,8,0.3,class_conditional,linear_svm_hinge,0.451674,0.045131,5
dbpedia_14,8,0.3,class_conditional,multinomial_nb,0.483480,0.011163,5
dbpedia_14,8,0.3,class_conditional,softmax_logreg,0.436843,0.031293,5
dbpedia_14,8,0.3,class_conditional,trimmed_softmax_logreg,0.402687,0.024379,5
dbpedia_14,8,0.3,symmetric,linear_svm_hinge,0.436050,0.040436,5
dbpedia_14,8,0.3,symmetric,multinomial_nb,0.493398,0.045052,5
dbpedia_14,8,0.3,symmetric,softmax_logreg,0.441852,0.058895,5
dbpedia_14,8,0.3,symmetric,trimmed_softmax_logreg,0.414867,0.045939,5
dbpedia_14,16,0.0,class_conditional,linear_svm_hinge,0.714865,0.031657,5
dbpedia_14,16,0.0,class_conditional,multinomial_nb,0.830403,0.014042,5
dbpedia_14,16,0.0,class_conditional,softmax_logreg,0.838229,0.008823,5
dbpedia_14,16,0.0,class_conditional,trimmed_softmax_logreg,0.604794,0.010610,5
dbpedia_14,16,0.0,symmetric,linear_svm_hinge,0.714865,0.031657,5
dbpedia_14,16,0.0,symmetric,multinomial_nb,0.830403,0.014042,5
dbpedia_14,16,0.0,symmetric,softmax_logreg,0.838229,0.008823,5
dbpedia_14,16,0.0,symmetric,trimmed_softmax_logreg,0.604794,0.010610,5
dbpedia_14,16,0.05,class_conditional,linear_svm_hinge,0.664737,0.026239,5
dbpedia_14,16,0.05,class_conditional,multinomial_nb,0.805928,0.016820,5
dbpedia_14,16,0.05,class_conditional,softmax_logreg,0.786191,0.023425,5
dbpedia_14,16,0.05,class_conditional,trimmed_softmax_logreg,0.588297,0.070267,5
dbpedia_14,16,0.05,symmetric,linear_svm_hinge,0.706892,0.067355,5
dbpedia_14,16,0.05,symmetric,multinomial_nb,0.809799,0.015882,5
dbpedia_14,16,0.05,symmetric,softmax_logreg,0.772541,0.042848,5
dbpedia_14,16,0.05,symmetric,trimmed_softmax_logreg,0.605974,0.046981,5
dbpedia_14,16,0.1,class_conditional,linear_svm_hinge,0.682957,0.039681,5
dbpedia_14,16,0.1,class_conditional,multinomial_nb,0.774845,0.030181,5
dbpedia_14,16,0.1,class_conditional,softmax_logreg,0.746697,0.054460,5
dbpedia_14,16,0.1,class_conditional,trimmed_softmax_logreg,0.593613,0.038709,5
dbpedia_14,16,0.1,symmetric,linear_svm_hinge,0.648850,0.027516,5
dbpedia_14,16,0.1,symmetric,multinomial_nb,0.795144,0.011041,5
dbpedia_14,16,0.1,symmetric,softmax_logreg,0.755054,0.024018,5
dbpedia_14,16,0.1,symmetric,trimmed_softmax_logreg,0.556512,0.030850,5
dbpedia_14,16,0.2,class_conditional,linear_svm_hinge,0.628837,0.031827,5
dbpedia_14,16,0.2,class_conditional,multinomial_nb,0.691144,0.024349,5
dbpedia_14,16,0.2,class_conditional,softmax_logreg,0.638293,0.014668,5
dbpedia_14,16,0.2,class_conditional,trimmed_softmax_logreg,0.477220,0.048074,5
dbpedia_14,16,0.2,symmetric,linear_svm_hinge,0.633062,0.058506,5
dbpedia_14,16,0.2,symmetric,multinomial_nb,0.739485,0.018388,5
dbpedia_14,16,0.2,symmetric,softmax_logreg,0.661629,0.064276,5
dbpedia_14,16,0.2,symmetric,trimmed_softmax_logreg,0.504616,0.028215,5
dbpedia_14,16,0.3,class_conditional,linear_svm_hinge,0.545456,0.032505,5
dbpedia_14,16,0.3,class_conditional,multinomial_nb,0.602874,0.042674,5
dbpedia_14,16,0.3,class_conditional,softmax_logreg,0.514905,0.059199,5
dbpedia_14,16,0.3,class_conditional,trimmed_softmax_logreg,0.406725,0.016163,5
dbpedia_14,16,0.3,symmetric,linear_svm_hinge,0.552593,0.023562,5
dbpedia_14,16,0.3,symmetric,multinomial_nb,0.660210,0.031542,5
dbpedia_14,16,0.3,symmetric,softmax_logreg,0.522626,0.037652,5
dbpedia_14,16,0.3,symmetric,trimmed_softmax_logreg,0.446664,0.024876,5
dbpedia_14,32,0.0,class_conditional,linear_svm_hinge,0.763089,0.043643,5
dbpedia_14,32,0.0,class_conditional,multinomial_nb,0.866172,0.007999,5
dbpedia_14,32,0.0,class_conditional,softmax_logreg,0.862654,0.009239,5
dbpedia_14,32,0.0,class_conditional,trimmed_softmax_logreg,0.644863,0.014759,5
dbpedia_14,32,0.0,symmetric,linear_svm_hinge,0.763089,0.043643,5
dbpedia_14,32,0.0,symmetric,multinomial_nb,0.866172,0.007999,5
dbpedia_14,32,0.0,symmetric,softmax_logreg,0.862654,0.009239,5
dbpedia_14,32,0.0,symmetric,trimmed_softmax_logreg,0.644863,0.014759,5
dbpedia_14,32,0.05,class_conditional,linear_svm_hinge,0.745649,0.048928,5
dbpedia_14,32,0.05,class_conditional,multinomial_nb,0.850228,0.008605,5
dbpedia_14,32,0.05,class_conditional,softmax_logreg,0.829979,0.013501,5
dbpedia_14,32,0.05,class_conditional,trimmed_softmax_logreg,0.595753,0.032921,5
dbpedia_14,32,0.05,symmetric,linear_svm_hinge,0.732574,0.054246,5
dbpedia_14,32,0.05,symmetric,multinomial_nb,0.856515,0.010277,5
dbpedia_14,32,0.05,symmetric,softmax_logreg,0.838085,0.012718,5
dbpedia_14,32,0.05,symmetric,trimmed_softmax_logreg,0.623571,0.050425,5
dbpedia_14,32,0.1,class_conditional,linear_svm_hinge,0.756230,0.033273,5
dbpedia_14,32,0.1,class_conditional,multinomial_nb,0.832388,0.008118,5
dbpedia_14,32,0.1,class_conditional,softmax_logreg,0.792653,0.031360,5
dbpedia_14,32,0.1,class_conditional,trimmed_softmax_logreg,0.596359,0.034179,5
dbpedia_14,32,0.1,symmetric,linear_svm_hinge,0.697828,0.054050,5
dbpedia_14,32,0.1,symmetric,multinomial_nb,0.844593,0.008647,5
dbpedia_14,32,0.1,symmetric,softmax_logreg,0.807160,0.011357,5
dbpedia_14,32,0.1,symmetric,trimmed_softmax_logreg,0.629064,0.023742,5
dbpedia_14,32,0.2,class_conditional,linear_svm_hinge,0.684467,0.023135,5
dbpedia_14,32,0.2,class_conditional,multinomial_nb,0.773547,0.027430,5
dbpedia_14,32,0.2,class_conditional,softmax_logreg,0.720501,0.055542,5
dbpedia_14,32,0.2,class_conditional,trimmed_softmax_logreg,0.533875,0.036555,5
dbpedia_14,32,0.2,symmetric,linear_svm_hinge,0.745121,0.046078,5
dbpedia_14,32,0.2,symmetric,multinomial_nb,0.816454,0.021123,5
dbpedia_14,32,0.2,symmetric,softmax_logreg,0.776385,0.048682,5
dbpedia_14,32,0.2,symmetric,trimmed_softmax_logreg,0.563713,0.058670,5
dbpedia_14,32,0.3,class_conditional,linear_svm_hinge,0.614294,0.040252,5
dbpedia_14,32,0.3,class_conditional,multinomial_nb,0.672344,0.019382,5
dbpedia_14,32,0.3,class_conditional,softmax_logreg,0.600727,0.034434,5
dbpedia_14,32,0.3,class_conditional,trimmed_softmax_logreg,0.452443,0.044051,5
dbpedia_14,32,0.3,symmetric,linear_svm_hinge,0.572908,0.031226,5
dbpedia_14,32,0.3,symmetric,multinomial_nb,0.790530,0.008597,5
dbpedia_14,32,0.3,symmetric,softmax_logreg,0.688249,0.034922,5
dbpedia_14,32,0.3,symmetric,trimmed_softmax_logreg,0.507410,0.034914,5
dbpedia_14,64,0.0,class_conditional,linear_svm_hinge,0.808542,0.022351,5
dbpedia_14,64,0.0,class_conditional,multinomial_nb,0.894587,0.006673,5
dbpedia_14,64,0.0,class_conditional,softmax_logreg,0.889311,0.001469,5
dbpedia_14,64,0.0,class_conditional,trimmed_softmax_logreg,0.663750,0.019928,5
dbpedia_14,64,0.0,symmetric,linear_svm_hinge,0.808542,0.022351,5
dbpedia_14,64,0.0,symmetric,multinomial_nb,0.894587,0.006673,5
dbpedia_14,64,0.0,symmetric,softmax_logreg,0.889311,0.001469,5
dbpedia_14,64,0.0,symmetric,trimmed_softmax_logreg,0.663750,0.019928,5
dbpedia_14,64,0.05,class_conditional,linear_svm_hinge,0.840171,0.013921,5
dbpedia_14,64,0.05,class_conditional,multinomial_nb,0.883403,0.004842,5
dbpedia_14,64,0.05,class_conditional,softmax_logreg,0.858665,0.020957,5
dbpedia_14,64,0.05,class_conditional,trimmed_softmax_logreg,0.667100,0.079007,5
dbpedia_14,64,0.05,symmetric,linear_svm_hinge,0.827207,0.020315,5
dbpedia_14,64,0.05,symmetric,multinomial_nb,0.885825,0.005520,5
dbpedia_14,64,0.05,symmetric,softmax_logreg,0.876273,0.008733,5
dbpedia_14,64,0.05,symmetric,trimmed_softmax_logreg,0.677118,0.032958,5
dbpedia_14,64,0.1,class_conditional,linear_svm_hinge,0.814974,0.034131,5
dbpedia_14,64,0.1,class_conditional,multinomial_nb,0.872183,0.009920,5
dbpedia_14,64,0.1,class_conditional,softmax_logreg,0.843637,0.027683,5
dbpedia_14,64,0.1,class_conditional,trimmed_softmax_logreg,0.616794,0.042761,5
dbpedia_14,64,0.1,symmetric,linear_svm_hinge,0.796687,0.025005,5
dbpedia_14,64,0.1,symmetric,multinomial_nb,0.882105,0.004669,5
dbpedia_14,64,0.1,symmetric,softmax_logreg,0.855374,0.013887,5
dbpedia_14,64,0.1,symmetric,trimmed_softmax_logreg,0.656356,0.056543,5
dbpedia_14,64,0.2,class_conditional,linear_svm_hinge,0.789852,0.024752,5
dbpedia_14,64,0.2,class_conditional,multinomial_nb,0.829904,0.005181,5
dbpedia_14,64,0.2,class_conditional,softmax_logreg,0.795375,0.029737,5
dbpedia_14,64,0.2,class_conditional,trimmed_softmax_logreg,0.559436,0.067133,5
dbpedia_14,64,0.2,symmetric,linear_svm_hinge,0.765785,0.026586,5
dbpedia_14,64,0.2,symmetric,multinomial_nb,0.867154,0.006263,5
dbpedia_14,64,0.2,symmetric,softmax_logreg,0.824144,0.030620,5
dbpedia_14,64,0.2,symmetric,trimmed_softmax_logreg,0.615629,0.051351,5
dbpedia_14,64,0.3,class_conditional,linear_svm_hinge,0.727574,0.040918,5
dbpedia_14,64,0.3,class_conditional,multinomial_nb,0.749672,0.007895,5
dbpedia_14,64,0.3,class_conditional,softmax_logreg,0.676339,0.014794,5
dbpedia_14,64,0.3,class_conditional,trimmed_softmax_logreg,0.492279,0.039941,5
dbpedia_14,64,0.3,symmetric,linear_svm_hinge,0.708988,0.063963,5
dbpedia_14,64,0.3,symmetric,multinomial_nb,0.842234,0.005974,5
dbpedia_14,64,0.3,symmetric,softmax_logreg,0.757979,0.052693,5
dbpedia_14,64,0.3,symmetric,trimmed_softmax_logreg,0.580071,0.031917,5
dbpedia_14,128,0.0,class_conditional,linear_svm_hinge,0.870594,0.010501,5
dbpedia_14,128,0.0,class_conditional,multinomial_nb,0.909493,0.007431,5
dbpedia_14,128,0.0,class_conditional,softmax_logreg,0.903772,0.004042,5
dbpedia_14,128,0.0,class_conditional,trimmed_softmax_logreg,0.680856,0.005318,5
dbpedia_14,128,0.0,symmetric,linear_svm_hinge,0.870594,0.010501,5
dbpedia_14,128,0.0,symmetric,multinomial_nb,0.909493,0.007431,5
dbpedia_14,128,0.0,symmetric,softmax_logreg,0.903772,0.004042,5
dbpedia_14,128,0.0,symmetric,trimmed_softmax_logreg,0.680856,0.005318,5
dbpedia_14,128,0.05,class_conditional,linear_svm_hinge,0.852627,0.018344,5
dbpedia_14,128,0.05,class_conditional,multinomial_nb,0.899387,0.005560,5
dbpedia_14,128,0.05,class_conditional,softmax_logreg,0.894955,0.006034,5
dbpedia_14,128,0.05,class_conditional,trimmed_softmax_logreg,0.692198,0.030883,5
dbpedia_14,128,0.05,symmetric,linear_svm_hinge,0.871139,0.012642,5
dbpedia_14,128,0.05,symmetric,multinomial_nb,0.906165,0.007066,5
dbpedia_14,128,0.05,symmetric,softmax_logreg,0.896818,0.004008,5
dbpedia_14,128,0.05,symmetric,trimmed_softmax_logreg,0.720598,0.010061,5
dbpedia_14,128,0.1,class_conditional,linear_svm_hinge,0.833576,0.033812,5
dbpedia_14,128,0.1,class_conditional,multinomial_nb,0.889934,0.007763,5
dbpedia_14,128,0.1,class_conditional,softmax_logreg,0.876340,0.010432,5
dbpedia_14,128,0.1,class_conditional,trimmed_softmax_logreg,0.673324,0.033786,5
dbpedia_14,128,0.1,symmetric,linear_svm_hinge,0.854157,0.023379,5
dbpedia_14,128,0.1,symmetric,multinomial_nb,0.901793,0.007321,5
dbpedia_14,128,0.1,symmetric,softmax_logreg,0.884405,0.012170,5
dbpedia_14,128,0.1,symmetric,trimmed_softmax_logreg,0.746138,0.027436,5
dbpedia_14,128,0.2,class_conditional,linear_svm_hinge,0.840918,0.027092,5
dbpedia_14,128,0.2,class_conditional,multinomial_nb,0.855924,0.006801,5
dbpedia_14,128,0.2,class_conditional,softmax_logreg,0.844149,0.009011,5
dbpedia_14,128,0.2,class_conditional,trimmed_softmax_logreg,0.618620,0.034375,5
dbpedia_14,128,0.2,symmetric,linear_svm_hinge,0.810838,0.013878,5
dbpedia_14,128,0.2,symmetric,multinomial_nb,0.891325,0.003608,5
dbpedia_14,128,0.2,symmetric,softmax_logreg,0.868069,0.011535,5
dbpedia_14,128,0.2,symmetric,trimmed_softmax_logreg,0.715302,0.029930,5
dbpedia_14,128,0.3,class_conditional,linear_svm_hinge,0.805260,0.023993,5
dbpedia_14,128,0.3,class_conditional,multinomial_nb,0.777275,0.011266,5
dbpedia_14,128,0.3,class_conditional,softmax_logreg,0.741871,0.041280,5
dbpedia_14,128,0.3,class_conditional,trimmed_softmax_logreg,0.522595,0.025385,5
dbpedia_14,128,0.3,symmetric,linear_svm_hinge,0.772799,0.047122,5
dbpedia_14,128,0.3,symmetric,multinomial_nb,0.872832,0.003293,5
dbpedia_14,128,0.3,symmetric,softmax_logreg,0.823808,0.019227,5
dbpedia_14,128,0.3,symmetric,trimmed_softmax_logreg,0.656322,0.030724,5
trec_qc,8,0.0,class_conditional,linear_svm_hinge,0.432164,0.072692,5
trec_qc,8,0.0,class_conditional,multinomial_nb,0.436406,0.067962,5
trec_qc,8,0.0,class_conditional,softmax_logreg,0.446803,0.074718,5
trec_qc,8,0.0,class_conditional,trimmed_softmax_logreg,0.432128,0.082366,5
trec_qc,8,0.0,symmetric,linear_svm_hinge,0.432164,0.072692,5
trec_qc,8,0.0,symmetric,multinomial_nb,0.436406,0.067962,5
trec_qc,8,0.0,symmetric,softmax_logreg,0.446803,0.074718,5
trec_qc,8,0.0,symmetric,trimmed_softmax_logreg,0.432128,0.082366,5
trec_qc,8,0.05,class_conditional,linear_svm_hinge,0.417107,0.063830,5
trec_qc,8,0.05,class_conditional,multinomial_nb,0.430254,0.071721,5
trec_qc,8,0.05,class_conditional,softmax_logreg,0.439515,0.078569,5
trec_qc,8,0.05,class_conditional,trimmed_softmax_logreg,0.429691,0.104854,5
trec_qc,8,0.05,symmetric,linear_svm_hinge,0.429691,0.068476,5
trec_qc,8,0.05,symmetric,multinomial_nb,0.407568,0.069526,5
trec_qc,8,0.05,symmetric,softmax_logreg,0.438042,0.074014,5
trec_qc,8,0.05,symmetric,trimmed_softmax_logreg,0.433190,0.098165,5
trec_qc,8,0.1,class_conditional,linear_svm_hinge,0.393058,0.082855,5
trec_qc,8,0.1,class_conditional,multinomial_nb,0.368513,0.079246,5
trec_qc,8,0.1,class_conditional,softmax_logreg,0.402708,0.078626,5
trec_qc,8,0.1,class_conditional,trimmed_softmax_logreg,0.372994,0.076256,5
trec_qc,8,0.1,symmetric,linear_svm_hinge,0.401262,0.080118,5
trec_qc,8,0.1,symmetric,multinomial_nb,0.411595,0.080556,5
trec_qc,8,0.1,symmetric,softmax_logreg,0.439441,0.086005,5
trec_qc,8,0.1,symmetric,trimmed_softmax_logreg,0.389890,0.064358,5
trec_qc,8,0.2,class_conditional,linear_svm_hinge,0.335798,0.064147,5
trec_qc,8,0.2,class_conditional,multinomial_nb,0.347694,0.059795,5
trec_qc,8,0.2,class_conditional,softmax_logreg,0.364263,0.071740,5
trec_qc,8,0.2,class_conditional,trimmed_softmax_logreg,0.329934,0.083994,5
trec_qc,8,0.2,symmetric,linear_svm_hinge,0.373932,0.045602,5
trec_qc,8,0.2,symmetric,multinomial_nb,0.347977,0.064705,5
trec_qc,8,0.2,symmetric,softmax_logreg,0.391892,0.080956,5
trec_qc,8,0.2,symmetric,trimmed_softmax_logreg,0.367131,0.069693,5
trec_qc,8,0.3,class_conditional,linear_svm_hinge,0.369500,0.061480,5
trec_qc,8,0.3,class_conditional,multinomial_nb,0.336379,0.071322,5
trec_qc,8,0.3,class_conditional,softmax_logreg,0.359730,0.070345,5
trec_qc,8,0.3,class_conditional,trimmed_softmax_logreg,0.349207,0.090626,5
trec_qc,8,0.3,symmetric,linear_svm_hinge,0.384321,0.075764,5
trec_qc,8,0.3,symmetric,multinomial_nb,0.327727,0.077600,5
trec_qc,8,0.3,symmetric,softmax_logreg,0.385635,0.086079,5
trec_qc,8,0.3,symmetric,trimmed_softmax_logreg,0.322358,0.113236,5
trec_qc,16,0.0,class_conditional,linear_svm_hinge,0.429150,0.059641,5
trec_qc,16,0.0,class_conditional,multinomial_nb,0.446068,0.059008,5
trec_qc,16,0.0,class_conditional,softmax_logreg,0.485475,0.095307,5
trec_qc,16,0.0,class_conditional,trimmed_softmax_logreg,0.480284,0.099770,5
trec_qc,16,0.0,symmetric,linear_svm_hinge,0.429150,0.059641,5
trec_qc,16,0.0,symmetric,multinomial_nb,0.446068,0.059008,5
trec_qc,16,0.0,symmetric,softmax_logreg,0.485475,0.095307,5
trec_qc,16,0.0,symmetric,trimmed_softmax_logreg,0.480284,0.099770,5
trec_qc,16,0.05,class_conditional,linear_svm_hinge,0.432386,0.070655,5
trec_qc,16,0.05,class_conditional,multinomial_nb,0.402346,0.050529,5
trec_qc,16,0.05,class_conditional,softmax_logreg,0.454474,0.089044,5
trec_qc,16,0.05,class_conditional,trimmed_softmax_logreg,0.448643,0.105518,5
trec_qc,16,0.05,symmetric,linear_svm_hinge,0.434446,0.058254,5
trec_qc,16,0.05,symmetric,multinomial_nb,0.439434,0.100073,5
trec_qc,16,0.05,symmetric,softmax_logreg,0.447187,0.089964,5
trec_qc,16,0.05,symmetric,trimmed_softmax_logreg,0.411423,0.079708,5
trec_qc,16,0.1,class_conditional,linear_svm_hinge,0.436470,0.046773,5
trec_qc,16,0.1,class_conditional,multinomial_nb,0.429560,0.082984,5
trec_qc,16,0.1,class_conditional,softmax_logreg,0.465600,0.079131,5
trec_qc,16,0.1,class_conditional,trimmed_softmax_logreg,0.445751,0.064108,5
trec_qc,16,0.1,symmetric,linear_svm_hinge,0.412882,0.045769,5
trec_qc,16,0.1,symmetric,multinomial_nb,0.454426,0.090111,5
trec_qc,16,0.1,symmetric,softmax_logreg,0.461646,0.081940,5
trec_qc,16,0.1,symmetric,trimmed_softmax_logreg,0.434788,0.097713,5
trec_qc,16,0.2,class_conditional,linear_svm_hinge,0.409590,0.104562,5
trec_qc,16,0.2,class_conditional,multinomial_nb,0.362767,0.061722,5
trec_qc,16,0.2,class_conditional,softmax_logreg,0.409915,0.071095,5
trec_qc,16,0.2,class_conditional,trimmed_softmax_logreg,0.380485,0.054742,5
trec_qc,16,0.2,symmetric,linear_svm_hinge,0.408854,0.073601,5
trec_qc,16,0.2,symmetric,multinomial_nb,0.424844,0.077886,5
trec_qc,16,0.2,symmetric,softmax_logreg,0.460818,0.100234,5
trec_qc,16,0.2,symmetric,trimmed_softmax_logreg,0.453920,0.110913,5
trec_qc,16,0.3,class_conditional,linear_svm_hinge,0.371254,0.068676,5
trec_qc,16,0.3,class_conditional,multinomial_nb,0.346504,0.042580,5
trec_qc,16,0.3,class_conditional,softmax_logreg,0.363466,0.042434,5
trec_qc,16,0.3,class_conditional,trimmed_softmax_logreg,0.354420,0.065389,5
trec_qc,16,0.3,symmetric,linear_svm_hinge,0.325312,0.049180,5
trec_qc,16,0.3,symmetric,multinomial_nb,0.335830,0.017942,5
trec_qc,16,0.3,symmetric,softmax_logreg,0.355005,0.018105,5
trec_qc,16,0.3,symmetric,trimmed_softmax_logreg,0.318216,0.054841,5
trec_qc,32,0.0,class_conditional,linear_svm_hinge,0.441436,0.026167,5
trec_qc,32,0.0,class_conditional,multinomial_nb,0.479240,0.046220,5
trec_qc,32,0.0,class_conditional,softmax_logreg,0.524755,0.066617,5
trec_qc,32,0.0,class_conditional,trimmed_softmax_logreg,0.518049,0.084817,5
trec_qc,32,0.0,symmetric,linear_svm_hinge,0.441436,0.026167,5
trec_qc,32,0.0,symmetric,multinomial_nb,0.479240,0.046220,5
trec_qc,32,0.0,symmetric,softmax_logreg,0.524755,0.066617,5
trec_qc,32,0.0,symmetric,trimmed_softmax_logreg,0.518049,0.084817,5
trec_qc,32,0.05,class_conditional,linear_svm_hinge,0.454145,0.020900,5
trec_qc,32,0.05,class_conditional,multinomial_nb,0.446407,0.048115,5
trec_qc,32,0.05,class_conditional,softmax_logreg,0.502467,0.060912,5
trec_qc,32,0.05,class_conditional,trimmed_softmax_logreg,0.472197,0.067620,5
trec_qc,32,0.05,symmetric,linear_svm_hinge,0.443867,0.062439,5
trec_qc,32,0.05,symmetric,multinomial_nb,0.449058,0.048233,5
trec_qc,32,0.05,symmetric,softmax_logreg,0.505136,0.060825,5
trec_qc,32,0.05,symmetric,trimmed_softmax_logreg,0.473616,0.049578,5
trec_qc,32,0.1,class_conditional,linear_svm_hinge,0.422963,0.027488,5
trec_qc,32,0.1,class_conditional,multinomial_nb,0.415094,0.057983,5
trec_qc,32,0.1,class_conditional,softmax_logreg,0.503467,0.051570,5
trec_qc,32,0.1,class_conditional,trimmed_softmax_logreg,0.446055,0.036057,5
trec_qc,32,0.1,symmetric,linear_svm_hinge,0.420201,0.048072,5
trec_qc,32,0.1,symmetric,multinomial_nb,0.392533,0.040245,5
trec_qc,32,0.1,symmetric,softmax_logreg,0.491569,0.067198,5
trec_qc,32,0.1,symmetric,trimmed_softmax_logreg,0.422485,0.044856,5
trec_qc,32,0.2,class_conditional,linear_svm_hinge,0.451794,0.072436,5
trec_qc,32,0.2,class_conditional,multinomial_nb,0.406259,0.056701,5
trec_qc,32,0.2,class_conditional,softmax_logreg,0.434085,0.061355,5
trec_qc,32,0.2,class_conditional,trimmed_softmax_logreg,0.417690,0.060213,5
trec_qc,32,0.2,symmetric,linear_svm_hinge,0.421821,0.088211,5
trec_qc,32,0.2,symmetric,multinomial_nb,0.413719,0.039712,5
trec_qc,32,0.2,symmetric,softmax_logreg,0.468931,0.071657,5
trec_qc,32,0.2,symmetric,trimmed_softmax_logreg,0.415173,0.087000,5
trec_qc,32,0.3,class_conditional,linear_svm_hinge,0.384291,0.082734,5
trec_qc,32,0.3,class_conditional,multinomial_nb,0.341145,0.044116,5
trec_qc,32,0.3,class_conditional,softmax_logreg,0.395318,0.062103,5
trec_qc,32,0.3,class_conditional,trimmed_softmax_logreg,0.389033,0.084166,5
trec_qc,32,0.3,symmetric,linear_svm_hinge,0.375770,0.056825,5
trec_qc,32,0.3,symmetric,multinomial_nb,0.383100,0.046219,5
trec_qc,32,0.3,symmetric,softmax_logreg,0.413103,0.085589,5
trec_qc,32,0.3,symmetric,trimmed_softmax_logreg,0.394733,0.124702,5
trec_qc,64,0.0,class_conditional,linear_svm_hinge,0.484325,0.044637,5
trec_qc,64,0.0,class_conditional,multinomial_nb,0.498140,0.011642,5
trec_qc,64,0.0,class_conditional,softmax_logreg,0.562846,0.057026,5
trec_qc,64,0.0,class_conditional,trimmed_softmax_logreg,0.613037,0.037082,5
trec_qc,64,0.0,symmetric,linear_svm_hinge,0.484325,0.044637,5
trec_qc,64,0.0,symmetric,multinomial_nb,0.498140,0.011642,5
trec_qc,64,0.0,symmetric,softmax_logreg,0.562846,0.057026,5
trec_qc,64,0.0,symmetric,trimmed_softmax_logreg,0.613037,0.037082,5
trec_qc,64,0.05,class_conditional,linear_svm_hinge,0.478586,0.087044,5
trec_qc,64,0.05,class_conditional,multinomial_nb,0.478945,0.015514,5
trec_qc,64,0.05,class_conditional,softmax_logreg,0.560413,0.073985,5
trec_qc,64,0.05,class_conditional,trimmed_softmax_logreg,0.535118,0.074914,5
trec_qc,64,0.05,symmetric,linear_svm_hinge,0.526630,0.059485,5
trec_qc,64,0.05,symmetric,multinomial_nb,0.484293,0.014984,5
trec_qc,64,0.05,symmetric,softmax_logreg,0.579457,0.073074,5
trec_qc,64,0.05,symmetric,trimmed_softmax_logreg,0.542208,0.082284,5
trec_qc,64,0.1,class_conditional,linear_svm_hinge,0.489453,0.037938,5
trec_qc,64,0.1,class_conditional,multinomial_nb,0.464242,0.010305,5
trec_qc,64,0.1,class_conditional,softmax_logreg,0.511433,0.056989,5
trec_qc,64,0.1,class_conditional,trimmed_softmax_logreg,0.500931,0.068284,5
trec_qc,64,0.1,symmetric,linear_svm_hinge,0.437605,0.045231,5
trec_qc,64,0.1,symmetric,multinomial_nb,0.490711,0.040207,5
trec_qc,64,0.1,symmetric,softmax_logreg,0.505108,0.052916,5
trec_qc,64,0.1,symmetric,trimmed_softmax_logreg,0.500474,0.070115,5
trec_qc,64,0.2,class_conditional,linear_svm_hinge,0.468099,0.035430,5
trec_qc,64,0.2,class_conditional,multinomial_nb,0.424130,0.035589,5
trec_qc,64,0.2,class_conditional,softmax_logreg,0.510801,0.051766,5
trec_qc,64,0.2,class_conditional,trimmed_softmax_logreg,0.488933,0.091432,5
trec_qc,64,0.2,symmetric,linear_svm_hinge,0.427694,0.044836,5
trec_qc,64,0.2,symmetric,multinomial_nb,0.445027,0.020960,5
trec_qc,64,0.2,symmetric,softmax_logreg,0.535314,0.072314,5
trec_qc,64,0.2,symmetric,trimmed_softmax_logreg,0.468000,0.066089,5
trec_qc,64,0.3,class_conditional,linear_svm_hinge,0.422712,0.035059,5
trec_qc,64,0.3,class_conditional,multinomial_nb,0.414183,0.059526,5
trec_qc,64,0.3,class_conditional,softmax_logreg,0.478441,0.079771,5
trec_qc,64,0.3,class_conditional,trimmed_softmax_logreg,0.424635,0.127460,5
trec_qc,64,0.3,symmetric,linear_svm_hinge,0.458964,0.071563,5
trec_qc,64,0.3,symmetric,multinomial_nb,0.440291,0.059242,5
trec_qc,64,0.3,symmetric,softmax_logreg,0.504567,0.093901,5
trec_qc,64,0.3,symmetric,trimmed_softmax_logreg,0.484325,0.118822,5
trec_qc,128,0.0,class_conditional,linear_svm_hinge,0.529682,0.059374,5
trec_qc,128,0.0,class_conditional,multinomial_nb,0.657713,0.010265,5
trec_qc,128,0.0,class_conditional,softmax_logreg,0.655438,0.028181,5
trec_qc,128,0.0,class_conditional,trimmed_softmax_logreg,0.659329,0.020927,5
trec_qc,128,0.0,symmetric,linear_svm_hinge,0.529682,0.059374,5
trec_qc,128,0.0,symmetric,multinomial_nb,0.657713,0.010265,5
trec_qc,128,0.0,symmetric,softmax_logreg,0.655438,0.028181,5
trec_qc,128,0.0,symmetric,trimmed_softmax_logreg,0.659329,0.020927,5
trec_qc,128,0.05,class_conditional,linear_svm_hinge,0.485220,0.053958,5
trec_qc,128,0.05,class_conditional,multinomial_nb,0.621585,0.057509,5
trec_qc,128,0.05,class_conditional,softmax_logreg,0.625999,0.041294,5
trec_qc,128,0.05,class_conditional,trimmed_softmax_logreg,0.618158,0.058140,5
trec_qc,128,0.05,symmetric,linear_svm_hinge,0.538167,0.078120,5
trec_qc,128,0.05,symmetric,multinomial_nb,0.619074,0.037320,5
trec_qc,128,0.05,symmetric,softmax_logreg,0.650142,0.021225,5
trec_qc,128,0.05,symmetric,trimmed_softmax_logreg,0.621402,0.053101,5
trec_qc,128,0.1,class_conditional,linear_svm_hinge,0.557562,0.064121,5
trec_qc,128,0.1,class_conditional,multinomial_nb,0.609699,0.049524,5
trec_qc,128,0.1,class_conditional,softmax_logreg,0.630304,0.045198,5
trec_qc,128,0.1,class_conditional,trimmed_softmax_logreg,0.638086,0.044171,5
trec_qc,128,0.1,symmetric,linear_svm_hinge,0.495085,0.077596,5
trec_qc,128,0.1,symmetric,multinomial_nb,0.630506,0.009312,5
trec_qc,128,0.1,symmetric,softmax_logreg,0.670852,0.017157,5
trec_qc,128,0.1,symmetric,trimmed_softmax_logreg,0.639085,0.069197,5
trec_qc,128,0.2,class_conditional,linear_svm_hinge,0.497325,0.063150,5
trec_qc,128,0.2,class_conditional,multinomial_nb,0.546612,0.057283,5
trec_qc,128,0.2,class_conditional,softmax_logreg,0.604569,0.036127,5
trec_qc,128,0.2,class_conditional,trimmed_softmax_logreg,0.571765,0.056127,5
trec_qc,128,0.2,symmetric,linear_svm_hinge,0.472979,0.053039,5
trec_qc,128,0.2,symmetric,multinomial_nb,0.547556,0.056151,5
trec_qc,128,0.2,symmetric,softmax_logreg,0.606514,0.049502,5
trec_qc,128,0.2,symmetric,trimmed_softmax_logreg,0.625711,0.057063,5
trec_qc,128,0.3,class_conditional,linear_svm_hinge,0.502420,0.054503,5
trec_qc,128,0.3,class_conditional,multinomial_nb,0.544390,0.049975,5
trec_qc,128,0.3,class_conditional,softmax_logreg,0.604155,0.056658,5
trec_qc,128,0.3,class_conditional,trimmed_softmax_logreg,0.575405,0.015365,5
trec_qc,128,0.3,symmetric,linear_svm_hinge,0.500676,0.050769,5
trec_qc,128,0.3,symmetric,multinomial_nb,0.538620,0.047004,5
trec_qc,128,0.3,symmetric,softmax_logreg,0.578479,0.049263,5
trec_qc,128,0.3,symmetric,trimmed_softmax_logreg,0.563019,0.060455,5
