dataset,budget_per_class,noise_rate,noise_type,method,mean_macro_f1,delta_macro_f1_vs_clean
ag_news,8,0.0,class_conditional,linear_svm_hinge,0.474464,0.000000
ag_news,8,0.0,class_conditional,multinomial_nb,0.516255,0.000000
ag_news,8,0.0,class_conditional,softmax_logreg,0.493012,0.000000
ag_news,8,0.0,class_conditional,trimmed_softmax_logreg,0.416377,0.000000
ag_news,8,0.0,symmetric,linear_svm_hinge,0.474464,0.000000
ag_news,8,0.0,symmetric,multinomial_nb,0.516255,0.000000
ag_news,8,0.0,symmetric,softmax_logreg,0.493012,0.000000
ag_news,8,0.0,symmetric,trimmed_softmax_logreg,0.416377,0.000000
ag_news,8,0.05,class_conditional,linear_svm_hinge,0.428486,-0.045978
ag_news,8,0.05,class_conditional,multinomial_nb,0.487044,-0.029211
ag_news,8,0.05,class_conditional,softmax_logreg,0.450573,-0.042440
ag_news,8,0.05,class_conditional,trimmed_softmax_logreg,0.298449,-0.117928
ag_news,8,0.05,symmetric,linear_svm_hinge,0.443223,-0.031241
ag_news,8,0.05,symmetric,multinomial_nb,0.489580,-0.026675
ag_news,8,0.05,symmetric,softmax_logreg,0.461703,-0.031309
ag_news,8,0.05,symmetric,trimmed_softmax_logreg,0.336780,-0.079597
ag_news,8,0.1,class_conditional,linear_svm_hinge,0.421362,-0.053102
ag_news,8,0.1,class_conditional,multinomial_nb,0.456723,-0.059532
ag_news,8,0.1,class_conditional,softmax_logreg,0.405645,-0.087368
ag_news,8,0.1,class_conditional,trimmed_softmax_logreg,0.300853,-0.115524
ag_news,8,0.1,symmetric,linear_svm_hinge,0.437839,-0.036625
ag_news,8,0.1,symmetric,multinomial_nb,0.468569,-0.047685
ag_news,8,0.1,symmetric,softmax_logreg,0.423531,-0.069482
ag_news,8,0.1,symmetric,trimmed_softmax_logreg,0.303191,-0.113186
ag_news,8,0.2,class_conditional,linear_svm_hinge,0.369670,-0.104794
ag_news,8,0.2,class_conditional,multinomial_nb,0.404563,-0.111692
ag_news,8,0.2,class_conditional,softmax_logreg,0.350171,-0.142841
ag_news,8,0.2,class_conditional,trimmed_softmax_logreg,0.302782,-0.113595
ag_news,8,0.2,symmetric,linear_svm_hinge,0.371483,-0.102981
ag_news,8,0.2,symmetric,multinomial_nb,0.406321,-0.109933
ag_news,8,0.2,symmetric,softmax_logreg,0.361450,-0.131563
ag_news,8,0.2,symmetric,trimmed_softmax_logreg,0.288534,-0.127843
ag_news,8,0.3,class_conditional,linear_svm_hinge,0.343956,-0.130508
ag_news,8,0.3,class_conditional,multinomial_nb,0.368726,-0.147529
ag_news,8,0.3,class_conditional,softmax_logreg,0.335487,-0.157525
ag_news,8,0.3,class_conditional,trimmed_softmax_logreg,0.276555,-0.139822
ag_news,8,0.3,symmetric,linear_svm_hinge,0.299394,-0.175070
ag_news,8,0.3,symmetric,multinomial_nb,0.346783,-0.169471
ag_news,8,0.3,symmetric,softmax_logreg,0.297798,-0.195215
ag_news,8,0.3,symmetric,trimmed_softmax_logreg,0.237483,-0.178894
ag_news,16,0.0,class_conditional,linear_svm_hinge,0.551650,0.000000
ag_news,16,0.0,class_conditional,multinomial_nb,0.606874,0.000000
ag_news,16,0.0,class_conditional,softmax_logreg,0.582915,0.000000
ag_news,16,0.0,class_conditional,trimmed_softmax_logreg,0.527831,0.000000
ag_news,16,0.0,symmetric,linear_svm_hinge,0.551650,0.000000
ag_news,16,0.0,symmetric,multinomial_nb,0.606874,0.000000
ag_news,16,0.0,symmetric,softmax_logreg,0.582915,0.000000
ag_news,16,0.0,symmetric,trimmed_softmax_logreg,0.527831,0.000000
ag_news,16,0.05,class_conditional,linear_svm_hinge,0.541147,-0.010502
ag_news,16,0.05,class_conditional,multinomial_nb,0.586107,-0.020767
ag_news,16,0.05,class_conditional,softmax_logreg,0.556578,-0.026337
ag_news,16,0.05,class_conditional,trimmed_softmax_logreg,0.425051,-0.102780
ag_news,16,0.05,symmetric,linear_svm_hinge,0.522644,-0.029006
ag_news,16,0.05,symmetric,multinomial_nb,0.583673,-0.023200
ag_news,16,0.05,symmetric,softmax_logreg,0.549582,-0.033333
ag_news,16,0.05,symmetric,trimmed_softmax_logreg,0.390993,-0.136838
ag_news,16,0.1,class_conditional,linear_svm_hinge,0.505136,-0.046514
ag_news,16,0.1,class_conditional,multinomial_nb,0.557358,-0.049516
ag_news,16,0.1,class_conditional,softmax_logreg,0.524863,-0.058051
ag_news,16,0.1,class_conditional,trimmed_softmax_logreg,0.357295,-0.170536
ag_news,16,0.1,symmetric,linear_svm_hinge,0.491038,-0.060612
ag_news,16,0.1,symmetric,multinomial_nb,0.559394,-0.047480
ag_news,16,0.1,symmetric,softmax_logreg,0.511853,-0.071062
ag_news,16,0.1,symmetric,trimmed_softmax_logreg,0.377437,-0.150394
ag_news,16,0.2,class_conditional,linear_svm_hinge,0.446564,-0.105086
ag_news,16,0.2,class_conditional,multinomial_nb,0.484998,-0.121876
ag_news,16,0.2,class_conditional,softmax_logreg,0.435973,-0.146942
ag_news,16,0.2,class_conditional,trimmed_softmax_logreg,0.321256,-0.206574
ag_news,16,0.2,symmetric,linear_svm_hinge,0.445456,-0.106194
ag_news,16,0.2,symmetric,multinomial_nb,0.499620,-0.107254
ag_news,16,0.2,symmetric,softmax_logreg,0.439950,-0.142964
ag_news,16,0.2,symmetric,trimmed_softmax_logreg,0.309519,-0.218312
ag_news,16,0.3,class_conditional,linear_svm_hinge,0.369732,-0.181918
ag_news,16,0.3,class_conditional,multinomial_nb,0.439793,-0.167081
ag_news,16,0.3,class_conditional,softmax_logreg,0.384617,-0.198297
ag_news,16,0.3,class_conditional,trimmed_softmax_logreg,0.300003,-0.227828
ag_news,16,0.3,symmetric,linear_svm_hinge,0.389217,-0.162433
ag_news,16,0.3,symmetric,multinomial_nb,0.437858,-0.169016
ag_news,16,0.3,symmetric,softmax_logreg,0.359804,-0.223111
ag_news,16,0.3,symmetric,trimmed_softmax_logreg,0.284604,-0.243227
ag_news,32,0.0,class_conditional,linear_svm_hinge,0.631888,0.000000
ag_news,32,0.0,class_conditional,multinomial_nb,0.702758,0.000000
ag_news,32,0.0,class_conditional,softmax_logreg,0.682114,0.000000
ag_news,32,0.0,class_conditional,trimmed_softmax_logreg,0.627544,0.000000
ag_news,32,0.0,symmetric,linear_svm_hinge,0.631888,0.000000
ag_news,32,0.0,symmetric,multinomial_nb,0.702758,0.000000
ag_news,32,0.0,symmetric,softmax_logreg,0.682114,0.000000
ag_news,32,0.0,symmetric,trimmed_softmax_logreg,0.627544,0.000000
ag_news,32,0.05,class_conditional,linear_svm_hinge,0.570751,-0.061136
ag_news,32,0.05,class_conditional,multinomial_nb,0.673197,-0.029561
ag_news,32,0.05,class_conditional,softmax_logreg,0.646099,-0.036015
ag_news,32,0.05,class_conditional,trimmed_softmax_logreg,0.456940,-0.170604
ag_news,32,0.05,symmetric,linear_svm_hinge,0.585944,-0.045943
ag_news,32,0.05,symmetric,multinomial_nb,0.673557,-0.029201
ag_news,32,0.05,symmetric,softmax_logreg,0.648519,-0.033595
ag_news,32,0.05,symmetric,trimmed_softmax_logreg,0.454778,-0.172766
ag_news,32,0.1,class_conditional,linear_svm_hinge,0.560616,-0.071271
ag_news,32,0.1,class_conditional,multinomial_nb,0.644575,-0.058184
ag_news,32,0.1,class_conditional,softmax_logreg,0.610704,-0.071410
ag_news,32,0.1,class_conditional,trimmed_softmax_logreg,0.430061,-0.197483
ag_news,32,0.1,symmetric,linear_svm_hinge,0.561173,-0.070715
ag_news,32,0.1,symmetric,multinomial_nb,0.657961,-0.044798
ag_news,32,0.1,symmetric,softmax_logreg,0.622228,-0.059886
ag_news,32,0.1,symmetric,trimmed_softmax_logreg,0.405186,-0.222358
ag_news,32,0.2,class_conditional,linear_svm_hinge,0.513826,-0.118061
ag_news,32,0.2,class_conditional,multinomial_nb,0.601607,-0.101152
ag_news,32,0.2,class_conditional,softmax_logreg,0.565815,-0.116298
ag_news,32,0.2,class_conditional,trimmed_softmax_logreg,0.477488,-0.150056
ag_news,32,0.2,symmetric,linear_svm_hinge,0.491745,-0.140142
ag_news,32,0.2,symmetric,multinomial_nb,0.597368,-0.105391
ag_news,32,0.2,symmetric,softmax_logreg,0.540656,-0.141458
ag_news,32,0.2,symmetric,trimmed_softmax_logreg,0.383309,-0.244235
ag_news,32,0.3,class_conditional,linear_svm_hinge,0.499555,-0.132332
ag_news,32,0.3,class_conditional,multinomial_nb,0.541080,-0.161679
ag_news,32,0.3,class_conditional,softmax_logreg,0.499435,-0.182679
ag_news,32,0.3,class_conditional,trimmed_softmax_logreg,0.361002,-0.266542
ag_news,32,0.3,symmetric,linear_svm_hinge,0.462690,-0.169198
ag_news,32,0.3,symmetric,multinomial_nb,0.552532,-0.150226
ag_news,32,0.3,symmetric,softmax_logreg,0.480960,-0.201154
ag_news,32,0.3,symmetric,trimmed_softmax_logreg,0.376784,-0.250760
ag_news,64,0.0,class_conditional,linear_svm_hinge,0.675953,0.000000
ag_news,64,0.0,class_conditional,multinomial_nb,0.758155,0.000000
ag_news,64,0.0,class_conditional,softmax_logreg,0.737919,0.000000
ag_news,64,0.0,class_conditional,trimmed_softmax_logreg,0.688223,0.000000
ag_news,64,0.0,symmetric,linear_svm_hinge,0.675953,0.000000
ag_news,64,0.0,symmetric,multinomial_nb,0.758155,0.000000
ag_news,64,0.0,symmetric,softmax_logreg,0.737919,0.000000
ag_news,64,0.0,symmetric,trimmed_softmax_logreg,0.688223,0.000000
ag_news,64,0.05,class_conditional,linear_svm_hinge,0.683872,0.007919
ag_news,64,0.05,class_conditional,multinomial_nb,0.746502,-0.011653
ag_news,64,0.05,class_conditional,softmax_logreg,0.727048,-0.010871
ag_news,64,0.05,class_conditional,trimmed_softmax_logreg,0.592230,-0.095993
ag_news,64,0.05,symmetric,linear_svm_hinge,0.635630,-0.040323
ag_news,64,0.05,symmetric,multinomial_nb,0.744545,-0.013610
ag_news,64,0.05,symmetric,softmax_logreg,0.725676,-0.012243
ag_news,64,0.05,symmetric,trimmed_softmax_logreg,0.555735,-0.132489
ag_news,64,0.1,class_conditional,linear_svm_hinge,0.633029,-0.042924
ag_news,64,0.1,class_conditional,multinomial_nb,0.721859,-0.036296
ag_news,64,0.1,class_conditional,softmax_logreg,0.691270,-0.046649
ag_news,64,0.1,class_conditional,trimmed_softmax_logreg,0.498193,-0.190031
ag_news,64,0.1,symmetric,linear_svm_hinge,0.642102,-0.033851
ag_news,64,0.1,symmetric,multinomial_nb,0.721501,-0.036655
ag_news,64,0.1,symmetric,softmax_logreg,0.684298,-0.053621
ag_news,64,0.1,symmetric,trimmed_softmax_logreg,0.506389,-0.181834
ag_news,64,0.2,class_conditional,linear_svm_hinge,0.551167,-0.124786
ag_news,64,0.2,class_conditional,multinomial_nb,0.683318,-0.074837
ag_news,64,0.2,class_conditional,softmax_logreg,0.626352,-0.111567
ag_news,64,0.2,class_conditional,trimmed_softmax_logreg,0.489553,-0.198670
ag_news,64,0.2,symmetric,linear_svm_hinge,0.534894,-0.141059
ag_news,64,0.2,symmetric,multinomial_nb,0.688486,-0.069669
ag_news,64,0.2,symmetric,softmax_logreg,0.632524,-0.105395
ag_news,64,0.2,symmetric,trimmed_softmax_logreg,0.440016,-0.248207
ag_news,64,0.3,class_conditional,linear_svm_hinge,0.529555,-0.146398
ag_news,64,0.3,class_conditional,multinomial_nb,0.613263,-0.144893
ag_news,64,0.3,class_conditional,softmax_logreg,0.533639,-0.204279
ag_news,64,0.3,class_conditional,trimmed_softmax_logreg,0.362234,-0.325990
ag_news,64,0.3,symmetric,linear_svm_hinge,0.534253,-0.141700
ag_news,64,0.3,symmetric,multinomial_nb,0.641836,-0.116319
ag_news,64,0.3,symmetric,softmax_logreg,0.525682,-0.212237
ag_news,64,0.3,symmetric,trimmed_softmax_logreg,0.384244,-0.303980
ag_news,128,0.0,class_conditional,linear_svm_hinge,0.741737,0.000000
ag_news,128,0.0,class_conditional,multinomial_nb,0.797631,0.000000
ag_news,128,0.0,class_conditional,softmax_logreg,0.775160,0.000000
ag_news,128,0.0,class_conditional,trimmed_softmax_logreg,0.685754,0.000000
ag_news,128,0.0,symmetric,linear_svm_hinge,0.741737,0.000000
ag_news,128,0.0,symmetric,multinomial_nb,0.797631,0.000000
ag_news,128,0.0,symmetric,softmax_logreg,0.775160,0.000000
ag_news,128,0.0,symmetric,trimmed_softmax_logreg,0.685754,0.000000
ag_news,128,0.05,class_conditional,linear_svm_hinge,0.715625,-0.026112
ag_news,128,0.05,class_conditional,multinomial_nb,0.795388,-0.002242
ag_news,128,0.05,class_conditional,softmax_logreg,0.768884,-0.006276
ag_news,128,0.05,class_conditional,trimmed_softmax_logreg,0.640947,-0.044807
ag_news,128,0.05,symmetric,linear_svm_hinge,0.726048,-0.015689
ag_news,128,0.05,symmetric,multinomial_nb,0.789503,-0.008128
ag_news,128,0.05,symmetric,softmax_logreg,0.762150,-0.013010
ag_news,128,0.05,symmetric,trimmed_softmax_logreg,0.636769,-0.048985
ag_news,128,0.1,class_conditional,linear_svm_hinge,0.658796,-0.082941
ag_news,128,0.1,class_conditional,multinomial_nb,0.776515,-0.021116
ag_news,128,0.1,class_conditional,softmax_logreg,0.759947,-0.015213
ag_news,128,0.1,class_conditional,trimmed_softmax_logreg,0.637303,-0.048451
ag_news,128,0.1,symmetric,linear_svm_hinge,0.681531,-0.060206
ag_news,128,0.1,symmetric,multinomial_nb,0.779216,-0.018414
ag_news,128,0.1,symmetric,softmax_logreg,0.752530,-0.022630
ag_news,128,0.1,symmetric,trimmed_softmax_logreg,0.601120,-0.084634
ag_news,128,0.2,class_conditional,linear_svm_hinge,0.632278,-0.109459
ag_news,128,0.2,class_conditional,multinomial_nb,0.724596,-0.073035
ag_news,128,0.2,class_conditional,softmax_logreg,0.697355,-0.077804
ag_news,128,0.2,class_conditional,trimmed_softmax_logreg,0.512889,-0.172865
ag_news,128,0.2,symmetric,linear_svm_hinge,0.643879,-0.097858
ag_news,128,0.2,symmetric,multinomial_nb,0.746636,-0.050995
ag_news,128,0.2,symmetric,softmax_logreg,0.708835,-0.066325
ag_news,128,0.2,symmetric,trimmed_softmax_logreg,0.506217,-0.179537
ag_news,128,0.3,class_conditional,linear_svm_hinge,0.600348,-0.141389
ag_news,128,0.3,class_conditional,multinomial_nb,0.654702,-0.142929
ag_news,128,0.3,class_conditional,softmax_logreg,0.651930,-0.123230
ag_news,128,0.3,class_conditional,trimmed_softmax_logreg,0.488060,-0.197694
ag_news,128,0.3,symmetric,linear_svm_hinge,0.515090,-0.226647
ag_news,128,0.3,symmetric,multinomial_nb,0.695119,-0.102512
ag_news,128,0.3,symmetric,softmax_logreg,0.670469,-0.104691
ag_news,128,0.3,symmetric,trimmed_softmax_logreg,0.457351,-0.228403
dbpedia_14,8,0.0,class_conditional,linear_svm_hinge,0.617503,0.000000
dbpedia_14,8,0.0,class_conditional,multinomial_nb,0.761650,0.000000
dbpedia_14,8,0.0,class_conditional,softmax_logreg,0.777192,0.000000
dbpedia_14,8,0.0,class_conditional,trimmed_softmax_logreg,0.615722,0.000000
dbpedia_14,8,0.0,symmetric,linear_svm_hinge,0.617503,0.000000
dbpedia_14,8,0.0,symmetric,multinomial_nb,0.761650,0.000000
dbpedia_14,8,0.0,symmetric,softmax_logreg,0.777192,0.000000
dbpedia_14,8,0.0,symmetric,trimmed_softmax_logreg,0.615722,0.000000
dbpedia_14,8,0.05,class_conditional,linear_svm_hinge,0.573854,-0.043649
dbpedia_14,8,0.05,class_conditional,multinomial_nb,0.712122,-0.049528
dbpedia_14,8,0.05,class_conditional,softmax_logreg,0.705954,-0.071238
dbpedia_14,8,0.05,class_conditional,trimmed_softmax_logreg,0.536465,-0.079257
dbpedia_14,8,0.05,symmetric,linear_svm_hinge,0.604582,-0.012921
dbpedia_14,8,0.05,symmetric,multinomial_nb,0.711291,-0.050360
dbpedia_14,8,0.05,symmetric,softmax_logreg,0.684463,-0.092729
dbpedia_14,8,0.05,symmetric,trimmed_softmax_logreg,0.522922,-0.092799
dbpedia_14,8,0.1,class_conditional,linear_svm_hinge,0.569159,-0.048344
dbpedia_14,8,0.1,class_conditional,multinomial_nb,0.662838,-0.098812
dbpedia_14,8,0.1,class_conditional,softmax_logreg,0.631597,-0.145595
dbpedia_14,8,0.1,class_conditional,trimmed_softmax_logreg,0.499333,-0.116389
dbpedia_14,8,0.1,symmetric,linear_svm_hinge,0.597326,-0.020178
dbpedia_14,8,0.1,symmetric,multinomial_nb,0.706652,-0.054998
dbpedia_14,8,0.1,symmetric,softmax_logreg,0.682911,-0.094281
dbpedia_14,8,0.1,symmetric,trimmed_softmax_logreg,0.525915,-0.089806
dbpedia_14,8,0.2,class_conditional,linear_svm_hinge,0.539888,-0.077615
dbpedia_14,8,0.2,class_conditional,multinomial_nb,0.618681,-0.142969
dbpedia_14,8,0.2,class_conditional,softmax_logreg,0.600573,-0.176619
dbpedia_14,8,0.2,class_conditional,trimmed_softmax_logreg,0.478070,-0.137652
dbpedia_14,8,0.2,symmetric,linear_svm_hinge,0.561593,-0.055910
dbpedia_14,8,0.2,symmetric,multinomial_nb,0.622939,-0.138711
dbpedia_14,8,0.2,symmetric,softmax_logreg,0.573401,-0.203791
dbpedia_14,8,0.2,symmetric,trimmed_softmax_logreg,0.449179,-0.166542
dbpedia_14,8,0.3,class_conditional,linear_svm_hinge,0.451674,-0.165829
dbpedia_14,8,0.3,class_conditional,multinomial_nb,0.483480,-0.278170
dbpedia_14,8,0.3,class_conditional,softmax_logreg,0.436843,-0.340350
dbpedia_14,8,0.3,class_conditional,trimmed_softmax_logreg,0.402687,-0.213035
dbpedia_14,8,0.3,symmetric,linear_svm_hinge,0.436050,-0.181453
dbpedia_14,8,0.3,symmetric,multinomial_nb,0.493398,-0.268252
dbpedia_14,8,0.3,symmetric,softmax_logreg,0.441852,-0.335341
dbpedia_14,8,0.3,symmetric,trimmed_softmax_logreg,0.414867,-0.200855
dbpedia_14,16,0.0,class_conditional,linear_svm_hinge,0.714865,0.000000
dbpedia_14,16,0.0,class_conditional,multinomial_nb,0.830403,0.000000
dbpedia_14,16,0.0,class_conditional,softmax_logreg,0.838229,0.000000
dbpedia_14,16,0.0,class_conditional,trimmed_softmax_logreg,0.604794,0.000000
dbpedia_14,16,0.0,symmetric,linear_svm_hinge,0.714865,0.000000
dbpedia_14,16,0.0,symmetric,multinomial_nb,0.830403,0.000000
dbpedia_14,16,0.0,symmetric,softmax_logreg,0.838229,0.000000
dbpedia_14,16,0.0,symmetric,trimmed_softmax_logreg,0.604794,0.000000
dbpedia_14,16,0.05,class_conditional,linear_svm_hinge,0.664737,-0.050128
dbpedia_14,16,0.05,class_conditional,multinomial_nb,0.805928,-0.024475
dbpedia_14,16,0.05,class_conditional,softmax_logreg,0.786191,-0.052038
dbpedia_14,16,0.05,class_conditional,trimmed_softmax_logreg,0.588297,-0.016497
dbpedia_14,16,0.05,symmetric,linear_svm_hinge,0.706892,-0.007973
dbpedia_14,16,0.05,symmetric,multinomial_nb,0.809799,-0.020605
dbpedia_14,16,0.05,symmetric,softmax_logreg,0.772541,-0.065687
dbpedia_14,16,0.05,symmetric,trimmed_softmax_logreg,0.605974,0.001180
dbpedia_14,16,0.1,class_conditional,linear_svm_hinge,0.682957,-0.031908
dbpedia_14,16,0.1,class_conditional,multinomial_nb,0.774845,-0.055558
dbpedia_14,16,0.1,class_conditional,softmax_logreg,0.746697,-0.091531
dbpedia_14,16,0.1,class_conditional,trimmed_softmax_logreg,0.593613,-0.011180
dbpedia_14,16,0.1,symmetric,linear_svm_hinge,0.648850,-0.066015
dbpedia_14,16,0.1,symmetric,multinomial_nb,0.795144,-0.035259
dbpedia_14,16,0.1,symmetric,softmax_logreg,0.755054,-0.083174
dbpedia_14,16,0.1,symmetric,trimmed_softmax_logreg,0.556512,-0.048282
dbpedia_14,16,0.2,class_conditional,linear_svm_hinge,0.628837,-0.086029
dbpedia_14,16,0.2,class_conditional,multinomial_nb,0.691144,-0.139260
dbpedia_14,16,0.2,class_conditional,softmax_logreg,0.638293,-0.199935
dbpedia_14,16,0.2,class_conditional,trimmed_softmax_logreg,0.477220,-0.127573
dbpedia_14,16,0.2,symmetric,linear_svm_hinge,0.633062,-0.081803
dbpedia_14,16,0.2,symmetric,multinomial_nb,0.739485,-0.090919
dbpedia_14,16,0.2,symmetric,softmax_logreg,0.661629,-0.176599
dbpedia_14,16,0.2,symmetric,trimmed_softmax_logreg,0.504616,-0.100178
dbpedia_14,16,0.3,class_conditional,linear_svm_hinge,0.545456,-0.169409
dbpedia_14,16,0.3,class_conditional,multinomial_nb,0.602874,-0.227530
dbpedia_14,16,0.3,class_conditional,softmax_logreg,0.514905,-0.323324
dbpedia_14,16,0.3,class_conditional,trimmed_softmax_logreg,0.406725,-0.198069
dbpedia_14,16,0.3,symmetric,linear_svm_hinge,0.552593,-0.162272
dbpedia_14,16,0.3,symmetric,multinomial_nb,0.660210,-0.170194
dbpedia_14,16,0.3,symmetric,softmax_logreg,0.522626,-0.315603
dbpedia_14,16,0.3,symmetric,trimmed_softmax_logreg,0.446664,-0.158130
dbpedia_14,32,0.0,class_conditional,linear_svm_hinge,0.763089,0.000000
dbpedia_14,32,0.0,class_conditional,multinomial_nb,0.866172,0.000000
dbpedia_14,32,0.0,class_conditional,softmax_logreg,0.862654,0.000000
dbpedia_14,32,0.0,class_conditional,trimmed_softmax_logreg,0.644863,0.000000
dbpedia_14,32,0.0,symmetric,linear_svm_hinge,0.763089,0.000000
dbpedia_14,32,0.0,symmetric,multinomial_nb,0.866172,0.000000
dbpedia_14,32,0.0,symmetric,softmax_logreg,0.862654,0.000000
dbpedia_14,32,0.0,symmetric,trimmed_softmax_logreg,0.644863,0.000000
dbpedia_14,32,0.05,class_conditional,linear_svm_hinge,0.745649,-0.017441
dbpedia_14,32,0.05,class_conditional,multinomial_nb,0.850228,-0.015944
dbpedia_14,32,0.05,class_conditional,softmax_logreg,0.829979,-0.032675
dbpedia_14,32,0.05,class_conditional,trimmed_softmax_logreg,0.595753,-0.049110
dbpedia_14,32,0.05,symmetric,linear_svm_hinge,0.732574,-0.030515
dbpedia_14,32,0.05,symmetric,multinomial_nb,0.856515,-0.009658
dbpedia_14,32,0.05,symmetric,softmax_logreg,0.838085,-0.024569
dbpedia_14,32,0.05,symmetric,trimmed_softmax_logreg,0.623571,-0.021293
dbpedia_14,32,0.1,class_conditional,linear_svm_hinge,0.756230,-0.006860
dbpedia_14,32,0.1,class_conditional,multinomial_nb,0.832388,-0.033784
dbpedia_14,32,0.1,class_conditional,softmax_logreg,0.792653,-0.070001
dbpedia_14,32,0.1,class_conditional,trimmed_softmax_logreg,0.596359,-0.048504
dbpedia_14,32,0.1,symmetric,linear_svm_hinge,0.697828,-0.065261
dbpedia_14,32,0.1,symmetric,multinomial_nb,0.844593,-0.021579
dbpedia_14,32,0.1,symmetric,softmax_logreg,0.807160,-0.055493
dbpedia_14,32,0.1,symmetric,trimmed_softmax_logreg,0.629064,-0.015799
dbpedia_14,32,0.2,class_conditional,linear_svm_hinge,0.684467,-0.078622
dbpedia_14,32,0.2,class_conditional,multinomial_nb,0.773547,-0.092625
dbpedia_14,32,0.2,class_conditional,softmax_logreg,0.720501,-0.142152
dbpedia_14,32,0.2,class_conditional,trimmed_softmax_logreg,0.533875,-0.110988
dbpedia_14,32,0.2,symmetric,linear_svm_hinge,0.745121,-0.017969
dbpedia_14,32,0.2,symmetric,multinomial_nb,0.816454,-0.049719
dbpedia_14,32,0.2,symmetric,softmax_logreg,0.776385,-0.086268
dbpedia_14,32,0.2,symmetric,trimmed_softmax_logreg,0.563713,-0.081150
dbpedia_14,32,0.3,class_conditional,linear_svm_hinge,0.614294,-0.148796
dbpedia_14,32,0.3,class_conditional,multinomial_nb,0.672344,-0.193829
dbpedia_14,32,0.3,class_conditional,softmax_logreg,0.600727,-0.261926
dbpedia_14,32,0.3,class_conditional,trimmed_softmax_logreg,0.452443,-0.192421
dbpedia_14,32,0.3,symmetric,linear_svm_hinge,0.572908,-0.190181
dbpedia_14,32,0.3,symmetric,multinomial_nb,0.790530,-0.075642
dbpedia_14,32,0.3,symmetric,softmax_logreg,0.688249,-0.174405
dbpedia_14,32,0.3,symmetric,trimmed_softmax_logreg,0.507410,-0.137453
dbpedia_14,64,0.0,class_conditional,linear_svm_hinge,0.808542,0.000000
dbpedia_14,64,0.0,class_conditional,multinomial_nb,0.894587,0.000000
dbpedia_14,64,0.0,class_conditional,softmax_logreg,0.889311,0.000000
dbpedia_14,64,0.0,class_conditional,trimmed_softmax_logreg,0.663750,0.000000
dbpedia_14,64,0.0,symmetric,linear_svm_hinge,0.808542,0.000000
dbpedia_14,64,0.0,symmetric,multinomial_nb,0.894587,0.000000
dbpedia_14,64,0.0,symmetric,softmax_logreg,0.889311,0.000000
dbpedia_14,64,0.0,symmetric,trimmed_softmax_logreg,0.663750,0.000000
dbpedia_14,64,0.05,class_conditional,linear_svm_hinge,0.840171,0.031630
dbpedia_14,64,0.05,class_conditional,multinomial_nb,0.883403,-0.011183
dbpedia_14,64,0.05,class_conditional,softmax_logreg,0.858665,-0.030646
dbpedia_14,64,0.05,class_conditional,trimmed_softmax_logreg,0.667100,0.003350
dbpedia_14,64,0.05,symmetric,linear_svm_hinge,0.827207,0.018665
dbpedia_14,64,0.05,symmetric,multinomial_nb,0.885825,-0.008762
dbpedia_14,64,0.05,symmetric,softmax_logreg,0.876273,-0.013038
dbpedia_14,64,0.05,symmetric,trimmed_softmax_logreg,0.677118,0.013368
dbpedia_14,64,0.1,class_conditional,linear_svm_hinge,0.814974,0.006432
dbpedia_14,64,0.1,class_conditional,multinomial_nb,0.872183,-0.022404
dbpedia_14,64,0.1,class_conditional,softmax_logreg,0.843637,-0.045675
dbpedia_14,64,0.1,class_conditional,trimmed_softmax_logreg,0.616794,-0.046957
dbpedia_14,64,0.1,symmetric,linear_svm_hinge,0.796687,-0.011854
dbpedia_14,64,0.1,symmetric,multinomial_nb,0.882105,-0.012482
dbpedia_14,64,0.1,symmetric,softmax_logreg,0.855374,-0.033937
dbpedia_14,64,0.1,symmetric,trimmed_softmax_logreg,0.656356,-0.007394
dbpedia_14,64,0.2,class_conditional,linear_svm_hinge,0.789852,-0.018690
dbpedia_14,64,0.2,class_conditional,multinomial_nb,0.829904,-0.064683
dbpedia_14,64,0.2,class_conditional,softmax_logreg,0.795375,-0.093937
dbpedia_14,64,0.2,class_conditional,trimmed_softmax_logreg,0.559436,-0.104314
dbpedia_14,64,0.2,symmetric,linear_svm_hinge,0.765785,-0.042757
dbpedia_14,64,0.2,symmetric,multinomial_nb,0.867154,-0.027433
dbpedia_14,64,0.2,symmetric,softmax_logreg,0.824144,-0.065167
dbpedia_14,64,0.2,symmetric,trimmed_softmax_logreg,0.615629,-0.048121
dbpedia_14,64,0.3,class_conditional,linear_svm_hinge,0.727574,-0.080968
dbpedia_14,64,0.3,class_conditional,multinomial_nb,0.749672,-0.144915
dbpedia_14,64,0.3,class_conditional,softmax_logreg,0.676339,-0.212972
dbpedia_14,64,0.3,class_conditional,trimmed_softmax_logreg,0.492279,-0.171471
dbpedia_14,64,0.3,symmetric,linear_svm_hinge,0.708988,-0.099554
dbpedia_14,64,0.3,symmetric,multinomial_nb,0.842234,-0.052353
dbpedia_14,64,0.3,symmetric,softmax_logreg,0.757979,-0.131333
dbpedia_14,64,0.3,symmetric,trimmed_softmax_logreg,0.580071,-0.083679
dbpedia_14,128,0.0,class_conditional,linear_svm_hinge,0.870594,0.000000
dbpedia_14,128,0.0,class_conditional,multinomial_nb,0.909493,0.000000
dbpedia_14,128,0.0,class_conditional,softmax_logreg,0.903772,0.000000
dbpedia_14,128,0.0,class_conditional,trimmed_softmax_logreg,0.680856,0.000000
dbpedia_14,128,0.0,symmetric,linear_svm_hinge,0.870594,0.000000
dbpedia_14,128,0.0,symmetric,multinomial_nb,0.909493,0.000000
dbpedia_14,128,0.0,symmetric,softmax_logreg,0.903772,0.000000
dbpedia_14,128,0.0,symmetric,trimmed_softmax_logreg,0.680856,0.000000
dbpedia_14,128,0.05,class_conditional,linear_svm_hinge,0.852627,-0.017967
dbpedia_14,128,0.05,class_conditional,multinomial_nb,0.899387,-0.010106
dbpedia_14,128,0.05,class_conditional,softmax_logreg,0.894955,-0.008817
dbpedia_14,128,0.05,class_conditional,trimmed_softmax_logreg,0.692198,0.011342
dbpedia_14,128,0.05,symmetric,linear_svm_hinge,0.871139,0.000545
dbpedia_14,128,0.05,symmetric,multinomial_nb,0.906165,-0.003328
dbpedia_14,128,0.05,symmetric,softmax_logreg,0.896818,-0.006954
dbpedia_14,128,0.05,symmetric,trimmed_softmax_logreg,0.720598,0.039742
dbpedia_14,128,0.1,class_conditional,linear_svm_hinge,0.833576,-0.037019
dbpedia_14,128,0.1,class_conditional,multinomial_nb,0.889934,-0.019559
dbpedia_14,128,0.1,class_conditional,softmax_logreg,0.876340,-0.027432
dbpedia_14,128,0.1,class_conditional,trimmed_softmax_logreg,0.673324,-0.007532
dbpedia_14,128,0.1,symmetric,linear_svm_hinge,0.854157,-0.016437
dbpedia_14,128,0.1,symmetric,multinomial_nb,0.901793,-0.007700
dbpedia_14,128,0.1,symmetric,softmax_logreg,0.884405,-0.019368
dbpedia_14,128,0.1,symmetric,trimmed_softmax_logreg,0.746138,0.065282
dbpedia_14,128,0.2,class_conditional,linear_svm_hinge,0.840918,-0.029677
dbpedia_14,128,0.2,class_conditional,multinomial_nb,0.855924,-0.053569
dbpedia_14,128,0.2,class_conditional,softmax_logreg,0.844149,-0.059623
dbpedia_14,128,0.2,class_conditional,trimmed_softmax_logreg,0.618620,-0.062236
dbpedia_14,128,0.2,symmetric,linear_svm_hinge,0.810838,-0.059756
dbpedia_14,128,0.2,symmetric,multinomial_nb,0.891325,-0.018168
dbpedia_14,128,0.2,symmetric,softmax_logreg,0.868069,-0.035703
dbpedia_14,128,0.2,symmetric,trimmed_softmax_logreg,0.715302,0.034446
dbpedia_14,128,0.3,class_conditional,linear_svm_hinge,0.805260,-0.065334
dbpedia_14,128,0.3,class_conditional,multinomial_nb,0.777275,-0.132217
dbpedia_14,128,0.3,class_conditional,softmax_logreg,0.741871,-0.161901
dbpedia_14,128,0.3,class_conditional,trimmed_softmax_logreg,0.522595,-0.158261
dbpedia_14,128,0.3,symmetric,linear_svm_hinge,0.772799,-0.097795
dbpedia_14,128,0.3,symmetric,multinomial_nb,0.872832,-0.036660
dbpedia_14,128,0.3,symmetric,softmax_logreg,0.823808,-0.079964
dbpedia_14,128,0.3,symmetric,trimmed_softmax_logreg,0.656322,-0.024534
trec_qc,8,0.0,class_conditional,linear_svm_hinge,0.432164,0.000000
trec_qc,8,0.0,class_conditional,multinomial_nb,0.436406,0.000000
trec_qc,8,0.0,class_conditional,softmax_logreg,0.446803,0.000000
trec_qc,8,0.0,class_conditional,trimmed_softmax_logreg,0.432128,0.000000
trec_qc,8,0.0,symmetric,linear_svm_hinge,0.432164,0.000000
trec_qc,8,0.0,symmetric,multinomial_nb,0.436406,0.000000
trec_qc,8,0.0,symmetric,softmax_logreg,0.446803,0.000000
trec_qc,8,0.0,symmetric,trimmed_softmax_logreg,0.432128,0.000000
trec_qc,8,0.05,class_conditional,linear_svm_hinge,0.417107,-0.015057
trec_qc,8,0.05,class_conditional,multinomial_nb,0.430254,-0.006152
trec_qc,8,0.05,class_conditional,softmax_logreg,0.439515,-0.007288
trec_qc,8,0.05,class_conditional,trimmed_softmax_logreg,0.429691,-0.002437
trec_qc,8,0.05,symmetric,linear_svm_hinge,0.429691,-0.002473
trec_qc,8,0.05,symmetric,multinomial_nb,0.407568,-0.028838
trec_qc,8,0.05,symmetric,softmax_logreg,0.438042,-0.008761
trec_qc,8,0.05,symmetric,trimmed_softmax_logreg,0.433190,0.001062
trec_qc,8,0.1,class_conditional,linear_svm_hinge,0.393058,-0.039107
trec_qc,8,0.1,class_conditional,multinomial_nb,0.368513,-0.067893
trec_qc,8,0.1,class_conditional,softmax_logreg,0.402708,-0.044095
trec_qc,8,0.1,class_conditional,trimmed_softmax_logreg,0.372994,-0.059135
trec_qc,8,0.1,symmetric,linear_svm_hinge,0.401262,-0.030902
trec_qc,8,0.1,symmetric,multinomial_nb,0.411595,-0.024811
trec_qc,8,0.1,symmetric,softmax_logreg,0.439441,-0.007362
trec_qc,8,0.1,symmetric,trimmed_softmax_logreg,0.389890,-0.042239
trec_qc,8,0.2,class_conditional,linear_svm_hinge,0.335798,-0.096366
trec_qc,8,0.2,class_conditional,multinomial_nb,0.347694,-0.088713
trec_qc,8,0.2,class_conditional,softmax_logreg,0.364263,-0.082540
trec_qc,8,0.2,class_conditional,trimmed_softmax_logreg,0.329934,-0.102194
trec_qc,8,0.2,symmetric,linear_svm_hinge,0.373932,-0.058232
trec_qc,8,0.2,symmetric,multinomial_nb,0.347977,-0.088429
trec_qc,8,0.2,symmetric,softmax_logreg,0.391892,-0.054911
trec_qc,8,0.2,symmetric,trimmed_softmax_logreg,0.367131,-0.064997
trec_qc,8,0.3,class_conditional,linear_svm_hinge,0.369500,-0.062664
trec_qc,8,0.3,class_conditional,multinomial_nb,0.336379,-0.100028
trec_qc,8,0.3,class_conditional,softmax_logreg,0.359730,-0.087072
trec_qc,8,0.3,class_conditional,trimmed_softmax_logreg,0.349207,-0.082921
trec_qc,8,0.3,symmetric,linear_svm_hinge,0.384321,-0.047843
trec_qc,8,0.3,symmetric,multinomial_nb,0.327727,-0.108679
trec_qc,8,0.3,symmetric,softmax_logreg,0.385635,-0.061168
trec_qc,8,0.3,symmetric,trimmed_softmax_logreg,0.322358,-0.109771
trec_qc,16,0.0,class_conditional,linear_svm_hinge,0.429150,0.000000
trec_qc,16,0.0,class_conditional,multinomial_nb,0.446068,0.000000
trec_qc,16,0.0,class_conditional,softmax_logreg,0.485475,0.000000
trec_qc,16,0.0,class_conditional,trimmed_softmax_logreg,0.480284,0.000000
trec_qc,16,0.0,symmetric,linear_svm_hinge,0.429150,0.000000
trec_qc,16,0.0,symmetric,multinomial_nb,0.446068,0.000000
trec_qc,16,0.0,symmetric,softmax_logreg,0.485475,0.000000
trec_qc,16,0.0,symmetric,trimmed_softmax_logreg,0.480284,0.000000
trec_qc,16,0.05,class_conditional,linear_svm_hinge,0.432386,0.003236
trec_qc,16,0.05,class_conditional,multinomial_nb,0.402346,-0.043722
trec_qc,16,0.05,class_conditional,softmax_logreg,0.454474,-0.031002
trec_qc,16,0.05,class_conditional,trimmed_softmax_logreg,0.448643,-0.031642
trec_qc,16,0.05,symmetric,linear_svm_hinge,0.434446,0.005296
trec_qc,16,0.05,symmetric,multinomial_nb,0.439434,-0.006634
trec_qc,16,0.05,symmetric,softmax_logreg,0.447187,-0.038288
trec_qc,16,0.05,symmetric,trimmed_softmax_logreg,0.411423,-0.068861
trec_qc,16,0.1,class_conditional,linear_svm_hinge,0.436470,0.007319
trec_qc,16,0.1,class_conditional,multinomial_nb,0.429560,-0.016509
trec_qc,16,0.1,class_conditional,softmax_logreg,0.465600,-0.019876
trec_qc,16,0.1,class_conditional,trimmed_softmax_logreg,0.445751,-0.034533
trec_qc,16,0.1,symmetric,linear_svm_hinge,0.412882,-0.016268
trec_qc,16,0.1,symmetric,multinomial_nb,0.454426,0.008357
trec_qc,16,0.1,symmetric,softmax_logreg,0.461646,-0.023830
trec_qc,16,0.1,symmetric,trimmed_softmax_logreg,0.434788,-0.045496
trec_qc,16,0.2,class_conditional,linear_svm_hinge,0.409590,-0.019560
trec_qc,16,0.2,class_conditional,multinomial_nb,0.362767,-0.083301
trec_qc,16,0.2,class_conditional,softmax_logreg,0.409915,-0.075560
trec_qc,16,0.2,class_conditional,trimmed_softmax_logreg,0.380485,-0.099800
trec_qc,16,0.2,symmetric,linear_svm_hinge,0.408854,-0.020296
trec_qc,16,0.2,symmetric,multinomial_nb,0.424844,-0.021225
trec_qc,16,0.2,symmetric,softmax_logreg,0.460818,-0.024657
trec_qc,16,0.2,symmetric,trimmed_softmax_logreg,0.453920,-0.026365
trec_qc,16,0.3,class_conditional,linear_svm_hinge,0.371254,-0.057896
trec_qc,16,0.3,class_conditional,multinomial_nb,0.346504,-0.099565
trec_qc,16,0.3,class_conditional,softmax_logreg,0.363466,-0.122009
trec_qc,16,0.3,class_conditional,trimmed_softmax_logreg,0.354420,-0.125864
trec_qc,16,0.3,symmetric,linear_svm_hinge,0.325312,-0.103838
trec_qc,16,0.3,symmetric,multinomial_nb,0.335830,-0.110238
trec_qc,16,0.3,symmetric,softmax_logreg,0.355005,-0.130470
trec_qc,16,0.3,symmetric,trimmed_softmax_logreg,0.318216,-0.162068
trec_qc,32,0.0,class_conditional,linear_svm_hinge,0.441436,0.000000
trec_qc,32,0.0,class_conditional,multinomial_nb,0.479240,0.000000
trec_qc,32,0.0,class_conditional,softmax_logreg,0.524755,0.000000
trec_qc,32,0.0,class_conditional,trimmed_softmax_logreg,0.518049,0.000000
trec_qc,32,0.0,symmetric,linear_svm_hinge,0.441436,0.000000
trec_qc,32,0.0,symmetric,multinomial_nb,0.479240,0.000000
trec_qc,32,0.0,symmetric,softmax_logreg,0.524755,0.000000
trec_qc,32,0.0,symmetric,trimmed_softmax_logreg,0.518049,0.000000
trec_qc,32,0.05,class_conditional,linear_svm_hinge,0.454145,0.012709
trec_qc,32,0.05,class_conditional,multinomial_nb,0.446407,-0.032834
trec_qc,32,0.05,class_conditional,softmax_logreg,0.502467,-0.022288
trec_qc,32,0.05,class_conditional,trimmed_softmax_logreg,0.472197,-0.045852
trec_qc,32,0.05,symmetric,linear_svm_hinge,0.443867,0.002431
trec_qc,32,0.05,symmetric,multinomial_nb,0.449058,-0.030183
trec_qc,32,0.05,symmetric,softmax_logreg,0.505136,-0.019619
trec_qc,32,0.05,symmetric,trimmed_softmax_logreg,0.473616,-0.044433
trec_qc,32,0.1,class_conditional,linear_svm_hinge,0.422963,-0.018473
trec_qc,32,0.1,class_conditional,multinomial_nb,0.415094,-0.064146
trec_qc,32,0.1,class_conditional,softmax_logreg,0.503467,-0.021287
trec_qc,32,0.1,class_conditional,trimmed_softmax_logreg,0.446055,-0.071994
trec_qc,32,0.1,symmetric,linear_svm_hinge,0.420201,-0.021235
trec_qc,32,0.1,symmetric,multinomial_nb,0.392533,-0.086708
trec_qc,32,0.1,symmetric,softmax_logreg,0.491569,-0.033186
trec_qc,32,0.1,symmetric,trimmed_softmax_logreg,0.422485,-0.095564
trec_qc,32,0.2,class_conditional,linear_svm_hinge,0.451794,0.010358
trec_qc,32,0.2,class_conditional,multinomial_nb,0.406259,-0.072982
trec_qc,32,0.2,class_conditional,softmax_logreg,0.434085,-0.090670
trec_qc,32,0.2,class_conditional,trimmed_softmax_logreg,0.417690,-0.100359
trec_qc,32,0.2,symmetric,linear_svm_hinge,0.421821,-0.019615
trec_qc,32,0.2,symmetric,multinomial_nb,0.413719,-0.065521
trec_qc,32,0.2,symmetric,softmax_logreg,0.468931,-0.055823
trec_qc,32,0.2,symmetric,trimmed_softmax_logreg,0.415173,-0.102876
trec_qc,32,0.3,class_conditional,linear_svm_hinge,0.384291,-0.057145
trec_qc,32,0.3,class_conditional,multinomial_nb,0.341145,-0.138096
trec_qc,32,0.3,class_conditional,softmax_logreg,0.395318,-0.129437
trec_qc,32,0.3,class_conditional,trimmed_softmax_logreg,0.389033,-0.129016
trec_qc,32,0.3,symmetric,linear_svm_hinge,0.375770,-0.065666
trec_qc,32,0.3,symmetric,multinomial_nb,0.383100,-0.096141
trec_qc,32,0.3,symmetric,softmax_logreg,0.413103,-0.111651
trec_qc,32,0.3,symmetric,trimmed_softmax_logreg,0.394733,-0.123316
trec_qc,64,0.0,class_conditional,linear_svm_hinge,0.484325,0.000000
trec_qc,64,0.0,class_conditional,multinomial_nb,0.498140,0.000000
trec_qc,64,0.0,class_conditional,softmax_logreg,0.562846,0.000000
trec_qc,64,0.0,class_conditional,trimmed_softmax_logreg,0.613037,0.000000
trec_qc,64,0.0,symmetric,linear_svm_hinge,0.484325,0.000000
trec_qc,64,0.0,symmetric,multinomial_nb,0.498140,0.000000
trec_qc,64,0.0,symmetric,softmax_logreg,0.562846,0.000000
trec_qc,64,0.0,symmetric,trimmed_softmax_logreg,0.613037,0.000000
trec_qc,64,0.05,class_conditional,linear_svm_hinge,0.478586,-0.005739
trec_qc,64,0.05,class_conditional,multinomial_nb,0.478945,-0.019195
trec_qc,64,0.05,class_conditional,softmax_logreg,0.560413,-0.002433
trec_qc,64,0.05,class_conditional,trimmed_softmax_logreg,0.535118,-0.077919
trec_qc,64,0.05,symmetric,linear_svm_hinge,0.526630,0.042306
trec_qc,64,0.05,symmetric,multinomial_nb,0.484293,-0.013847
trec_qc,64,0.05,symmetric,softmax_logreg,0.579457,0.016612
trec_qc,64,0.05,symmetric,trimmed_softmax_logreg,0.542208,-0.070829
trec_qc,64,0.1,class_conditional,linear_svm_hinge,0.489453,0.005128
trec_qc,64,0.1,class_conditional,multinomial_nb,0.464242,-0.033898
trec_qc,64,0.1,class_conditional,softmax_logreg,0.511433,-0.051413
trec_qc,64,0.1,class_conditional,trimmed_softmax_logreg,0.500931,-0.112106
trec_qc,64,0.1,symmetric,linear_svm_hinge,0.437605,-0.046719
trec_qc,64,0.1,symmetric,multinomial_nb,0.490711,-0.007429
trec_qc,64,0.1,symmetric,softmax_logreg,0.505108,-0.057737
trec_qc,64,0.1,symmetric,trimmed_softmax_logreg,0.500474,-0.112562
trec_qc,64,0.2,class_conditional,linear_svm_hinge,0.468099,-0.016226
trec_qc,64,0.2,class_conditional,multinomial_nb,0.424130,-0.074010
trec_qc,64,0.2,class_conditional,softmax_logreg,0.510801,-0.052045
trec_qc,64,0.2,class_conditional,trimmed_softmax_logreg,0.488933,-0.124104
trec_qc,64,0.2,symmetric,linear_svm_hinge,0.427694,-0.056631
trec_qc,64,0.2,symmetric,multinomial_nb,0.445027,-0.053113
trec_qc,64,0.2,symmetric,softmax_logreg,0.535314,-0.027532
trec_qc,64,0.2,symmetric,trimmed_softmax_logreg,0.468000,-0.145037
trec_qc,64,0.3,class_conditional,linear_svm_hinge,0.422712,-0.061613
trec_qc,64,0.3,class_conditional,multinomial_nb,0.414183,-0.083958
trec_qc,64,0.3,class_conditional,softmax_logreg,0.478441,-0.084405
trec_qc,64,0.3,class_conditional,trimmed_softmax_logreg,0.424635,-0.188402
trec_qc,64,0.3,symmetric,linear_svm_hinge,0.458964,-0.025360
trec_qc,64,0.3,symmetric,multinomial_nb,0.440291,-0.057849
trec_qc,64,0.3,symmetric,softmax_logreg,0.504567,-0.058279
trec_qc,64,0.3,symmetric,trimmed_softmax_logreg,0.484325,-0.128712
trec_qc,128,0.0,class_conditional,linear_svm_hinge,0.529682,0.000000
trec_qc,128,0.0,class_conditional,multinomial_nb,0.657713,0.000000
trec_qc,128,0.0,class_conditional,softmax_logreg,0.655438,0.000000
trec_qc,128,0.0,class_conditional,trimmed_softmax_logreg,0.659329,0.000000
trec_qc,128,0.0,symmetric,linear_svm_hinge,0.529682,0.000000
trec_qc,128,0.0,symmetric,multinomial_nb,0.657713,0.000000
trec_qc,128,0.0,symmetric,softmax_logreg,0.655438,0.000000
trec_qc,128,0.0,symmetric,trimmed_softmax_logreg,0.659329,0.000000
trec_qc,128,0.05,class_conditional,linear_svm_hinge,0.485220,-0.044463
trec_qc,128,0.05,class_conditional,multinomial_nb,0.621585,-0.036128
trec_qc,128,0.05,class_conditional,softmax_logreg,0.625999,-0.029439
trec_qc,128,0.05,class_conditional,trimmed_softmax_logreg,0.618158,-0.041171
trec_qc,128,0.05,symmetric,linear_svm_hinge,0.538167,0.008485
trec_qc,128,0.05,symmetric,multinomial_nb,0.619074,-0.038640
trec_qc,128,0.05,symmetric,softmax_logreg,0.650142,-0.005296
trec_qc,128,0.05,symmetric,trimmed_softmax_logreg,0.621402,-0.037927
trec_qc,128,0.1,class_conditional,linear_svm_hinge,0.557562,0.027879
trec_qc,128,0.1,class_conditional,multinomial_nb,0.609699,-0.048014
trec_qc,128,0.1,class_conditional,softmax_logreg,0.630304,-0.025134
trec_qc,128,0.1,class_conditional,trimmed_softmax_logreg,0.638086,-0.021243
trec_qc,128,0.1,symmetric,linear_svm_hinge,0.495085,-0.034598
trec_qc,128,0.1,symmetric,multinomial_nb,0.630506,-0.027207
trec_qc,128,0.1,symmetric,softmax_logreg,0.670852,0.015414
trec_qc,128,0.1,symmetric,trimmed_softmax_logreg,0.639085,-0.020244
trec_qc,128,0.2,class_conditional,linear_svm_hinge,0.497325,-0.032357
trec_qc,128,0.2,class_conditional,multinomial_nb,0.546612,-0.111101
trec_qc,128,0.2,class_conditional,softmax_logreg,0.604569,-0.050869
trec_qc,128,0.2,class_conditional,trimmed_softmax_logreg,0.571765,-0.087564
trec_qc,128,0.2,symmetric,linear_svm_hinge,0.472979,-0.056703
trec_qc,128,0.2,symmetric,multinomial_nb,0.547556,-0.110157
trec_qc,128,0.2,symmetric,softmax_logreg,0.606514,-0.048924
trec_qc,128,0.2,symmetric,trimmed_softmax_logreg,0.625711,-0.033617
trec_qc,128,0.3,class_conditional,linear_svm_hinge,0.502420,-0.027262
trec_qc,128,0.3,class_conditional,multinomial_nb,0.544390,-0.113323
trec_qc,128,0.3,class_conditional,softmax_logreg,0.604155,-0.051283
trec_qc,128,0.3,class_conditional,trimmed_softmax_logreg,0.575405,-0.083923
trec_qc,128,0.3,symmetric,linear_svm_hinge,0.500676,-0.029006
trec_qc,128,0.3,symmetric,multinomial_nb,0.538620,-0.119093
trec_qc,128,0.3,symmetric,softmax_logreg,0.578479,-0.076959
trec_qc,128,0.3,symmetric,trimmed_softmax_logreg,0.563019,-0.096310
