dataset,budget_per_class,noise_type,method,noise_sensitivity_area
ag_news,8,class_conditional,linear_svm_hinge,0.019571447040326713
ag_news,8,class_conditional,multinomial_nb,0.020675696824138674
ag_news,8,class_conditional,softmax_logreg,0.027309326752866354
ag_news,8,class_conditional,trimmed_softmax_logreg,0.03190935525950902
ag_news,8,symmetric,linear_svm_hinge,0.034310926958252566
ag_news,8,symmetric,multinomial_nb,0.033643668142175384
ag_news,8,symmetric,softmax_logreg,0.04056488988500606
ag_news,8,symmetric,trimmed_softmax_logreg,0.038587073091461206
ag_news,16,class_conditional,linear_svm_hinge,0.022674230477483723
ag_news,16,class_conditional,multinomial_nb,0.02127652809618519
ag_news,16,class_conditional,softmax_logreg,0.027499097856958088
ag_news,16,class_conditional,trimmed_softmax_logreg,0.05225715640779084
ag_news,16,symmetric,linear_svm_hinge,0.028641718354218876
ag_news,16,symmetric,multinomial_nb,0.025807416457311237
ag_news,16,symmetric,softmax_logreg,0.03360123915272795
ag_news,16,symmetric,trimmed_softmax_logreg,0.05238136835052862
ag_news,64,class_conditional,linear_svm_hinge,0.01842245158619577
ag_news,64,class_conditional,multinomial_nb,0.01748123530845573
ag_news,64,class_conditional,softmax_logreg,0.020212409233231844
ag_news,64,class_conditional,trimmed_softmax_logreg,0.049371267825685024
ag_news,64,symmetric,linear_svm_hinge,0.024707363606912953
ag_news,64,symmetric,multinomial_nb,0.018653351984117376
ag_news,64,symmetric,softmax_logreg,0.022585159339128136
ag_news,64,symmetric,trimmed_softmax_logreg,0.05770696157822964
ag_news,128,class_conditional,linear_svm_hinge,0.02616124254900256
ag_news,128,class_conditional,multinomial_nb,0.01583498190668049
ag_news,128,class_conditional,softmax_logreg,0.018422069926965257
ag_news,128,class_conditional,trimmed_softmax_logreg,0.045192608546773226
ag_news,128,symmetric,linear_svm_hinge,0.027841855776019518
ag_news,128,symmetric,multinomial_nb,0.012068881706698283
ag_news,128,symmetric,softmax_logreg,0.01602923059300852
ag_news,128,symmetric,trimmed_softmax_logreg,0.038917043011553895
dbpedia_14,8,class_conditional,linear_svm_hinge,0.024087481548676848
dbpedia_14,8,class_conditional,multinomial_nb,0.0386726403094337
dbpedia_14,8,class_conditional,softmax_logreg,0.05102410402153161
dbpedia_14,8,class_conditional,trimmed_softmax_logreg,0.0404013594373549
dbpedia_14,8,symmetric,linear_svm_hinge,0.027073078128776996
dbpedia_14,8,symmetric,multinomial_nb,0.044409160547823845
dbpedia_14,8,symmetric,softmax_logreg,0.059320291251232615
dbpedia_14,8,symmetric,trimmed_softmax_logreg,0.043974261007915405
dbpedia_14,16,class_conditional,linear_svm_hinge,0.029370984613120987
dbpedia_14,16,class_conditional,multinomial_nb,0.033310906157166434
dbpedia_14,16,class_conditional,softmax_logreg,0.054664142944164655
dbpedia_14,16,class_conditional,trimmed_softmax_logreg,0.030320045599969155
dbpedia_14,16,symmetric,linear_svm_hinge,0.022935421163112514
dbpedia_14,16,symmetric,multinomial_nb,0.020182776566974606
dbpedia_14,16,symmetric,softmax_logreg,0.038542311253048044
dbpedia_14,16,symmetric,trimmed_softmax_logreg,0.020861140712152663
dbpedia_14,64,class_conditional,linear_svm_hinge,0.00652682793002316
dbpedia_14,64,class_conditional,multinomial_nb,0.016605198803408758
dbpedia_14,64,class_conditional,softmax_logreg,0.02350227188798437
dbpedia_14,64,class_conditional,trimmed_softmax_logreg,0.01847388875026988
dbpedia_14,64,symmetric,linear_svm_hinge,0.0108121282939027
dbpedia_14,64,symmetric,multinomial_nb,0.007288441740727089
dbpedia_14,64,symmetric,softmax_logreg,0.016880886216018826
dbpedia_14,64,symmetric,trimmed_softmax_logreg,0.009318844567643012
dbpedia_14,128,class_conditional,linear_svm_hinge,0.011871766722402225
dbpedia_14,128,class_conditional,multinomial_nb,0.014013936680045806
dbpedia_14,128,class_conditional,softmax_logreg,0.01997015330520599
dbpedia_14,128,class_conditional,trimmed_softmax_logreg,0.012845852608481782
dbpedia_14,128,symmetric,linear_svm_hinge,0.011866286253367966
dbpedia_14,128,symmetric,multinomial_nb,0.004666143600585642
dbpedia_14,128,symmetric,softmax_logreg,0.0090669512976026
dbpedia_14,128,symmetric,trimmed_softmax_logreg,0.00042251804274760486
trec_qc,8,class_conditional,linear_svm_hinge,0.01606057506759839
trec_qc,8,class_conditional,multinomial_nb,0.023911658448937875
trec_qc,8,class_conditional,softmax_logreg,0.014623483742895594
trec_qc,8,class_conditional,trimmed_softmax_logreg,0.02400528069936595
trec_qc,8,symmetric,linear_svm_hinge,0.017488517263999682
trec_qc,8,symmetric,multinomial_nb,0.021324427210664926
trec_qc,8,symmetric,softmax_logreg,0.014220700193471481
trec_qc,8,symmetric,trimmed_softmax_logreg,0.02147838277177884
trec_qc,16,class_conditional,linear_svm_hinge,0.008579703211667095
trec_qc,16,class_conditional,multinomial_nb,0.01245644067440441
trec_qc,16,class_conditional,softmax_logreg,0.018508109780694552
trec_qc,16,class_conditional,trimmed_softmax_logreg,0.019528036878447577
trec_qc,16,symmetric,linear_svm_hinge,0.006533308577940615
trec_qc,16,symmetric,multinomial_nb,0.01406309907899606
trec_qc,16,symmetric,softmax_logreg,0.020557008410406714
trec_qc,16,symmetric,trimmed_softmax_logreg,0.02832458412991997
trec_qc,64,class_conditional,linear_svm_hinge,0.007201826703977978
trec_qc,64,class_conditional,multinomial_nb,0.011178070337301064
trec_qc,64,class_conditional,softmax_logreg,0.014799050968778605
trec_qc,64,class_conditional,trimmed_softmax_logreg,0.023202585003392458
trec_qc,64,symmetric,linear_svm_hinge,0.006614941516798937
trec_qc,64,symmetric,multinomial_nb,0.01171234129742316
trec_qc,64,symmetric,softmax_logreg,0.0132876291724573
trec_qc,64,symmetric,trimmed_softmax_logreg,0.030802458704174165
trec_qc,128,class_conditional,linear_svm_hinge,0.012765762953580782
trec_qc,128,class_conditional,multinomial_nb,0.029126203603910446
trec_qc,128,class_conditional,softmax_logreg,0.014258034933607791
trec_qc,128,class_conditional,trimmed_softmax_logreg,0.02199553935947403
trec_qc,128,symmetric,linear_svm_hinge,0.013227589871779773
trec_qc,128,symmetric,multinomial_nb,0.027459698256208698
trec_qc,128,symmetric,softmax_logreg,0.008551590285464285
trec_qc,128,symmetric,trimmed_softmax_logreg,0.016497996560746693
