dataset,budget_per_class,noise_rate,noise_type,method,n_cells,mean_accuracy,std_accuracy,mean_macro_f1,std_macro_f1
ag_news,8,0.0,class_conditional,linear_svm_hinge,5,0.48450000000000004,0.043052293783258526,0.4744640687374389,0.04662790924490872
ag_news,8,0.0,class_conditional,multinomial_nb,5,0.5174999999999998,0.030872722588071173,0.5162545996234045,0.030568996776956778
ag_news,8,0.0,class_conditional,softmax_logreg,5,0.4955,0.035041047358776264,0.49301237899308215,0.03437769213697142
ag_news,8,0.0,class_conditional,trimmed_softmax_logreg,5,0.4455,0.05872925165537189,0.41637689305760894,0.0760357645647818
ag_news,8,0.0,symmetric,linear_svm_hinge,5,0.48450000000000004,0.043052293783258526,0.4744640687374389,0.04662790924490872
ag_news,8,0.0,symmetric,multinomial_nb,5,0.5174999999999998,0.030872722588071173,0.5162545996234045,0.030568996776956778
ag_news,8,0.0,symmetric,softmax_logreg,5,0.4955,0.035041047358776264,0.49301237899308215,0.03437769213697142
ag_news,8,0.0,symmetric,trimmed_softmax_logreg,5,0.4455,0.05872925165537189,0.41637689305760894,0.0760357645647818
ag_news,8,0.05,class_conditional,linear_svm_hinge,5,0.45575,0.03775413884595964,0.43432059493807407,0.0477818813127639
ag_news,8,0.05,class_conditional,multinomial_nb,5,0.5032500000000001,0.022701872169492973,0.49833871163429266,0.025642697055636238
ag_news,8,0.05,class_conditional,softmax_logreg,5,0.46825,0.027370147971832386,0.4587072374378879,0.031300194752503264
ag_news,8,0.05,class_conditional,trimmed_softmax_logreg,5,0.4135,0.015070666873101532,0.3524657632666912,0.017797147491673524
ag_news,8,0.05,symmetric,linear_svm_hinge,5,0.44675000000000004,0.04667440412045988,0.4294810547223607,0.052714225712267394
ag_news,8,0.05,symmetric,multinomial_nb,5,0.492,0.03017242118226511,0.48500597420364616,0.031215553326323305
ag_news,8,0.05,symmetric,softmax_logreg,5,0.45299999999999996,0.042401356110388734,0.43899165595544265,0.044416509896214214
ag_news,8,0.05,symmetric,trimmed_softmax_logreg,5,0.38175,0.051832663446903834,0.3138587764541446,0.05927257014978978
ag_news,8,0.1,class_conditional,linear_svm_hinge,5,0.45024999999999993,0.02611752285344075,0.4309446385126555,0.03864771761838853
ag_news,8,0.1,class_conditional,multinomial_nb,5,0.48200000000000004,0.023579652245103205,0.47640369578921693,0.02732569721567602
ag_news,8,0.1,class_conditional,softmax_logreg,5,0.44325000000000003,0.029807717121577763,0.4298265564657912,0.03878714790597575
ag_news,8,0.1,class_conditional,trimmed_softmax_logreg,5,0.37075,0.03407345007480163,0.29898307396734036,0.04771619851722286
ag_news,8,0.1,symmetric,linear_svm_hinge,5,0.40499999999999997,0.02721442632134656,0.3664675083180012,0.03432196541429751
ag_news,8,0.1,symmetric,multinomial_nb,5,0.4385,0.02868361901852694,0.41213730336818505,0.035586036667182616
ag_news,8,0.1,symmetric,softmax_logreg,5,0.404,0.025925373671366818,0.3623054069466842,0.028658690441251796
ag_news,8,0.1,symmetric,trimmed_softmax_logreg,5,0.3805,0.030583900993823535,0.3100229865293703,0.0349552449754983
ag_news,8,0.2,class_conditional,linear_svm_hinge,5,0.41500000000000004,0.0483347700935879,0.3947192430869799,0.058763458334455496
ag_news,8,0.2,class_conditional,multinomial_nb,5,0.4365,0.04567822238222498,0.4243979198557545,0.054819728107323586
ag_news,8,0.2,class_conditional,softmax_logreg,5,0.40125,0.04503470883662957,0.37623531681010025,0.06273674995601827
ag_news,8,0.2,class_conditional,trimmed_softmax_logreg,5,0.37425,0.03569488758912121,0.30475639826220013,0.04699355333781989
ag_news,8,0.2,symmetric,linear_svm_hinge,5,0.3765,0.012634278768493273,0.33284556198430837,0.011696332322388214
ag_news,8,0.2,symmetric,multinomial_nb,5,0.39599999999999996,0.017073371078963877,0.3680089845106028,0.026287335049027364
ag_news,8,0.2,symmetric,softmax_logreg,5,0.368,0.03360245526743546,0.321345950046362,0.04568343970390255
ag_news,8,0.2,symmetric,trimmed_softmax_logreg,5,0.34049999999999997,0.03614726822320049,0.2615900106644126,0.055448898705914455
ag_news,8,0.3,class_conditional,linear_svm_hinge,5,0.37049999999999994,0.03336914742692716,0.3479473983683625,0.038604477743290504
ag_news,8,0.3,class_conditional,multinomial_nb,5,0.38425000000000004,0.037136572270472144,0.3641462664163241,0.03995953145063941
ag_news,8,0.3,class_conditional,softmax_logreg,5,0.34524999999999995,0.019467922333931784,0.30946384364784946,0.027951667559036292
ag_news,8,0.3,class_conditional,trimmed_softmax_logreg,5,0.3165,0.010764525070805492,0.2414326358845668,0.019914810076742596
ag_news,8,0.3,symmetric,linear_svm_hinge,5,0.34099999999999997,0.040499999999999994,0.2784603977228834,0.049732829366824285
ag_news,8,0.3,symmetric,multinomial_nb,5,0.37174999999999997,0.04308131845707604,0.3272970368080876,0.04681130966680768
ag_news,8,0.3,symmetric,softmax_logreg,5,0.341,0.041753742347243564,0.2751286202936375,0.05044085362978582
ag_news,8,0.3,symmetric,trimmed_softmax_logreg,5,0.3155,0.03946992525962015,0.2162581724105997,0.03811465855476709
ag_news,16,0.0,class_conditional,linear_svm_hinge,5,0.5574999999999999,0.031054387773710834,0.5516497161818755,0.02968390103872809
ag_news,16,0.0,class_conditional,multinomial_nb,5,0.609,0.0153174736820404,0.6068737567227482,0.015930774729078175
ag_news,16,0.0,class_conditional,softmax_logreg,5,0.5854999999999999,0.012663925141913964,0.5829146522412297,0.011695380628254327
ag_news,16,0.0,class_conditional,trimmed_softmax_logreg,5,0.541,0.01709166463513724,0.5278309017950142,0.020979874600567678
ag_news,16,0.0,symmetric,linear_svm_hinge,5,0.5574999999999999,0.031054387773710834,0.5516497161818755,0.02968390103872809
ag_news,16,0.0,symmetric,multinomial_nb,5,0.609,0.0153174736820404,0.6068737567227482,0.015930774729078175
ag_news,16,0.0,symmetric,softmax_logreg,5,0.5854999999999999,0.012663925141913964,0.5829146522412297,0.011695380628254327
ag_news,16,0.0,symmetric,trimmed_softmax_logreg,5,0.541,0.01709166463513724,0.5278309017950142,0.020979874600567678
ag_news,16,0.05,class_conditional,linear_svm_hinge,5,0.54225,0.018781639970992976,0.5375185021747056,0.019195113619741272
ag_news,16,0.05,class_conditional,multinomial_nb,5,0.5792499999999999,0.016271140095273005,0.5756584340610311,0.01570591973740436
ag_news,16,0.05,class_conditional,softmax_logreg,5,0.5435000000000001,0.017596164354767775,0.5386999713781243,0.016365200445866184
ag_news,16,0.05,class_conditional,trimmed_softmax_logreg,5,0.43324999999999997,0.030224162519414826,0.3725470529524143,0.038638146073830155
ag_news,16,0.05,symmetric,linear_svm_hinge,5,0.5375,0.0211246301742776,0.5248507000374254,0.02122134951417003
ag_news,16,0.05,symmetric,multinomial_nb,5,0.5915000000000001,0.013995535002278382,0.5867186829269857,0.014748081127522112
ag_news,16,0.05,symmetric,softmax_logreg,5,0.562,0.01111305538544641,0.5556379743467612,0.014587503935125905
ag_news,16,0.05,symmetric,trimmed_softmax_logreg,5,0.46950000000000003,0.0335838502855167,0.4229289508065621,0.057521981307094114
ag_news,16,0.1,class_conditional,linear_svm_hinge,5,0.52175,0.026547127904916586,0.510672513148102,0.0267894440996166
ag_news,16,0.1,class_conditional,multinomial_nb,5,0.5647500000000001,0.021365860619221504,0.5611156273932071,0.020824733878769663
ag_news,16,0.1,class_conditional,softmax_logreg,5,0.535,0.009253377761660892,0.5284404199736799,0.008019735898346134
ag_news,16,0.1,class_conditional,trimmed_softmax_logreg,5,0.42474999999999996,0.019176808910765113,0.37293543066497914,0.021973442318651285
ag_news,16,0.1,symmetric,linear_svm_hinge,5,0.49725,0.04354882317583336,0.476983426674888,0.06247475381471328
ag_news,16,0.1,symmetric,multinomial_nb,5,0.54075,0.028554771930449734,0.5334455578493145,0.04042022747765064
ag_news,16,0.1,symmetric,softmax_logreg,5,0.5029999999999999,0.03541362732056687,0.48566779690542966,0.054180638516445175
ag_news,16,0.1,symmetric,trimmed_softmax_logreg,5,0.40449999999999997,0.027744368798010163,0.33095576994724796,0.026482418103075535
ag_news,16,0.2,class_conditional,linear_svm_hinge,5,0.45725,0.027447677497376723,0.43619763890734387,0.033246719919537794
ag_news,16,0.2,class_conditional,multinomial_nb,5,0.5267499999999999,0.01782904932967542,0.5191687410632844,0.013740407371554554
ag_news,16,0.2,class_conditional,softmax_logreg,5,0.47824999999999995,0.03380643429881358,0.46072423869631757,0.036731034844099016
ag_news,16,0.2,class_conditional,trimmed_softmax_logreg,5,0.39475,0.028705400188814654,0.3201412465274102,0.0319256664972303
ag_news,16,0.2,symmetric,linear_svm_hinge,5,0.45099999999999996,0.03624051600074149,0.4217706249400818,0.04615786384996494
ag_news,16,0.2,symmetric,multinomial_nb,5,0.5002500000000001,0.02592537367136683,0.48931831592394676,0.032535587891290275
ag_news,16,0.2,symmetric,softmax_logreg,5,0.45299999999999996,0.04631819296993353,0.42079091924464596,0.06240022646540398
ag_news,16,0.2,symmetric,trimmed_softmax_logreg,5,0.397,0.046452933168961465,0.3156920472045578,0.05106524336335297
ag_news,16,0.3,class_conditional,linear_svm_hinge,5,0.425,0.047057146109809926,0.4046662797390944,0.05231653282511529
ag_news,16,0.3,class_conditional,multinomial_nb,5,0.46624999999999994,0.04463742824133129,0.45660574277400096,0.04722069740280465
ag_news,16,0.3,class_conditional,softmax_logreg,5,0.42575,0.04303051243013496,0.4032395514563225,0.049918246971955724
ag_news,16,0.3,class_conditional,trimmed_softmax_logreg,5,0.36500000000000005,0.019541622245862807,0.28569413971205804,0.026027858673156757
ag_news,16,0.3,symmetric,linear_svm_hinge,5,0.409,0.029062432795621217,0.3773719819860168,0.04498044413567654
ag_news,16,0.3,symmetric,multinomial_nb,5,0.46825,0.029901923015083827,0.45613368128003956,0.035691239983773416
ag_news,16,0.3,symmetric,softmax_logreg,5,0.4335,0.035666861370185085,0.4082842960780068,0.04813870262069926
ag_news,16,0.3,symmetric,trimmed_softmax_logreg,5,0.3775,0.024456594202791188,0.30469589272545644,0.029127076460005407
ag_news,64,0.0,class_conditional,linear_svm_hinge,5,0.68875,0.04010143388957558,0.6759530972432974,0.05069517683061968
ag_news,64,0.0,class_conditional,multinomial_nb,5,0.75925,0.007271519786124486,0.7581554549794329,0.008208973800414698
ag_news,64,0.0,class_conditional,softmax_logreg,5,0.7402499999999999,0.010259142264341575,0.7379188777683858,0.010504574882201974
ag_news,64,0.0,class_conditional,trimmed_softmax_logreg,5,0.69475,0.02749318097274306,0.6882232995767046,0.02906933739954405
ag_news,64,0.0,symmetric,linear_svm_hinge,5,0.68875,0.04010143388957558,0.6759530972432974,0.05069517683061968
ag_news,64,0.0,symmetric,multinomial_nb,5,0.75925,0.007271519786124486,0.7581554549794329,0.008208973800414698
ag_news,64,0.0,symmetric,softmax_logreg,5,0.7402499999999999,0.010259142264341575,0.7379188777683858,0.010504574882201974
ag_news,64,0.0,symmetric,trimmed_softmax_logreg,5,0.69475,0.02749318097274306,0.6882232995767046,0.02906933739954405
ag_news,64,0.05,class_conditional,linear_svm_hinge,5,0.683,0.019915446266654445,0.6721830758736875,0.024926658300349014
ag_news,64,0.05,class_conditional,multinomial_nb,5,0.7474999999999999,0.008100925873009831,0.7459909965480274,0.009215201660063316
ag_news,64,0.05,class_conditional,softmax_logreg,5,0.7252500000000001,0.011219402836158446,0.7210587097521797,0.014028209719291512
ag_news,64,0.05,class_conditional,trimmed_softmax_logreg,5,0.61125,0.04358181960405052,0.5707495156628626,0.0625431965911347
ag_news,64,0.05,symmetric,linear_svm_hinge,5,0.647,0.03128098463923411,0.6306075916298456,0.03683751127124402
ag_news,64,0.05,symmetric,multinomial_nb,5,0.748,0.008162413858657229,0.7468904105859131,0.008452972805967152
ag_news,64,0.05,symmetric,softmax_logreg,5,0.72,0.014832396974191303,0.7158420923963384,0.016426731245199694
ag_news,64,0.05,symmetric,trimmed_softmax_logreg,5,0.61675,0.025206645949034937,0.5886638415617022,0.04079909072267377
ag_news,64,0.1,class_conditional,linear_svm_hinge,5,0.63175,0.047240078323389764,0.6170393947671906,0.05041970715722688
ag_news,64,0.1,class_conditional,multinomial_nb,5,0.72675,0.016707034446603642,0.7243101623206358,0.01932026163630463
ag_news,64,0.1,class_conditional,softmax_logreg,5,0.701,0.017055057900810522,0.6952851167744838,0.020720914066696714
ag_news,64,0.1,class_conditional,trimmed_softmax_logreg,5,0.57375,0.03760817730228361,0.5309406924118635,0.04922371748203681
ag_news,64,0.1,symmetric,linear_svm_hinge,5,0.65825,0.04300145346380745,0.6480556978167484,0.042097971111675056
ag_news,64,0.1,symmetric,multinomial_nb,5,0.7255,0.009239859306288171,0.724220103490431,0.009858942922842036
ag_news,64,0.1,symmetric,softmax_logreg,5,0.6990000000000001,0.01543939765664453,0.6944747169586518,0.015168630195372994
ag_news,64,0.1,symmetric,trimmed_softmax_logreg,5,0.581,0.041693824482769606,0.5373288544517867,0.05173401999877282
ag_news,64,0.2,class_conditional,linear_svm_hinge,5,0.63125,0.027076281133124613,0.6157289714263331,0.03482655235305738
ag_news,64,0.2,class_conditional,multinomial_nb,5,0.68525,0.0117366945943055,0.6823195260390766,0.013228942319112088
ag_news,64,0.2,class_conditional,softmax_logreg,5,0.66025,0.018798271197107454,0.6512518391964001,0.02235556369546612
ag_news,64,0.2,class_conditional,trimmed_softmax_logreg,5,0.5672499999999999,0.025228951623085725,0.5124884427065466,0.049032060847267196
ag_news,64,0.2,symmetric,linear_svm_hinge,5,0.5982500000000001,0.01231361035602476,0.5850481913756873,0.02283070294054098
ag_news,64,0.2,symmetric,multinomial_nb,5,0.673,0.014675660121439182,0.6720655305683424,0.016542511315278424
ag_news,64,0.2,symmetric,softmax_logreg,5,0.6402499999999999,0.038773380043529884,0.6323242586429346,0.0467158267612298
ag_news,64,0.2,symmetric,trimmed_softmax_logreg,5,0.49225,0.044401576548586646,0.4190898073233041,0.05276372536942046
ag_news,64,0.3,class_conditional,linear_svm_hinge,5,0.539,0.013214575286402514,0.5200928922370809,0.02392860471680032
ag_news,64,0.3,class_conditional,multinomial_nb,5,0.6275000000000001,0.031114707133444167,0.623135004110632,0.03277035189280717
ag_news,64,0.3,class_conditional,softmax_logreg,5,0.60175,0.04419841626121913,0.5878155797547796,0.049408045037308744
ag_news,64,0.3,class_conditional,trimmed_softmax_logreg,5,0.49524999999999997,0.04609365466091836,0.40566535146442373,0.07652825771924586
ag_news,64,0.3,symmetric,linear_svm_hinge,5,0.4965,0.04902422870377463,0.45080724159353397,0.03817541722253024
ag_news,64,0.3,symmetric,multinomial_nb,5,0.61925,0.028653097563788824,0.6194363357462892,0.029227672652855034
ag_news,64,0.3,symmetric,softmax_logreg,5,0.589,0.03771107264451649,0.5846479558233738,0.03961644259228892
ag_news,64,0.3,symmetric,trimmed_softmax_logreg,5,0.4665,0.042605750785545356,0.39825217822129194,0.051506714524375205
ag_news,128,0.0,class_conditional,linear_svm_hinge,5,0.747,0.016632047378479904,0.7417368401898861,0.01920464830102424
ag_news,128,0.0,class_conditional,multinomial_nb,5,0.799,0.011219402836158417,0.7976305657540543,0.011691413895946443
ag_news,128,0.0,class_conditional,softmax_logreg,5,0.77825,0.011390785749894543,0.7751598994763756,0.012418618559498154
ag_news,128,0.0,class_conditional,trimmed_softmax_logreg,5,0.69675,0.016837458240482744,0.6857541208567198,0.02498071957048495
ag_news,128,0.0,symmetric,linear_svm_hinge,5,0.747,0.016632047378479904,0.7417368401898861,0.01920464830102424
ag_news,128,0.0,symmetric,multinomial_nb,5,0.799,0.011219402836158417,0.7976305657540543,0.011691413895946443
ag_news,128,0.0,symmetric,softmax_logreg,5,0.77825,0.011390785749894543,0.7751598994763756,0.012418618559498154
ag_news,128,0.0,symmetric,trimmed_softmax_logreg,5,0.69675,0.016837458240482744,0.6857541208567198,0.02498071957048495
ag_news,128,0.05,class_conditional,linear_svm_hinge,5,0.6925,0.05327405559932528,0.6746312056087274,0.057617672101572016
ag_news,128,0.05,class_conditional,multinomial_nb,5,0.78925,0.016874537030686216,0.787727497603842,0.01752594723752069
ag_news,128,0.05,class_conditional,softmax_logreg,5,0.77,0.015652475842498556,0.7665772182156091,0.017020380347984296
ag_news,128,0.05,class_conditional,trimmed_softmax_logreg,5,0.6695,0.051615162500955075,0.6421669331698242,0.05545825538764326
ag_news,128,0.05,symmetric,linear_svm_hinge,5,0.703,0.0662457545809541,0.6906111371401862,0.07592256807343602
ag_news,128,0.05,symmetric,multinomial_nb,5,0.7885,0.008602325267042606,0.7869268771233037,0.008851698889058963
ag_news,128,0.05,symmetric,softmax_logreg,5,0.7665000000000001,0.013793114224133703,0.7626882522067981,0.015262710499694805
ag_news,128,0.05,symmetric,trimmed_softmax_logreg,5,0.6657500000000001,0.039454087240740995,0.6471414016776511,0.048511582557936306
ag_news,128,0.1,class_conditional,linear_svm_hinge,5,0.7182499999999999,0.051195702944680795,0.7084538923492273,0.06246438279815143
ag_news,128,0.1,class_conditional,multinomial_nb,5,0.7809999999999999,0.015358222553407677,0.779162844603442,0.016305589105704697
ag_news,128,0.1,class_conditional,softmax_logreg,5,0.7469999999999999,0.02476893215300166,0.7422691920842137,0.0272566516499727
ag_news,128,0.1,class_conditional,trimmed_softmax_logreg,5,0.5875,0.04159326868617086,0.5448202497253518,0.059074594040898674
ag_news,128,0.1,symmetric,linear_svm_hinge,5,0.68775,0.045314181003301826,0.681265149969131,0.041389028051860836
ag_news,128,0.1,symmetric,multinomial_nb,5,0.78125,0.008909264840602714,0.7796282317391382,0.009974689641729453
ag_news,128,0.1,symmetric,softmax_logreg,5,0.75275,0.014106735979665885,0.7488898846825623,0.015597896646347304
ag_news,128,0.1,symmetric,trimmed_softmax_logreg,5,0.64025,0.05493973971543732,0.5956339023957037,0.07927239060916424
ag_news,128,0.2,class_conditional,linear_svm_hinge,5,0.6485,0.0481170447970363,0.6263353628788075,0.06338225139698953
ag_news,128,0.2,class_conditional,multinomial_nb,5,0.72975,0.01916050625635971,0.72710234176166,0.01996192115249378
ag_news,128,0.2,class_conditional,softmax_logreg,5,0.7057499999999999,0.025019992006393616,0.6971153762961697,0.028960933274963217
ag_news,128,0.2,class_conditional,trimmed_softmax_logreg,5,0.5780000000000001,0.05222906279074898,0.5095749023337819,0.07492990843038143
ag_news,128,0.2,symmetric,linear_svm_hinge,5,0.64775,0.04792181131802092,0.6227431892734427,0.07335368246245363
ag_news,128,0.2,symmetric,multinomial_nb,5,0.7445,0.023138171924333185,0.7428518518504967,0.023388640366669745
ag_news,128,0.2,symmetric,softmax_logreg,5,0.714,0.023283577903750116,0.7055432308083922,0.027775987416730142
ag_news,128,0.2,symmetric,trimmed_softmax_logreg,5,0.5645,0.0367474488910455,0.5007392817061784,0.04501250344584297
ag_news,128,0.3,class_conditional,linear_svm_hinge,5,0.58025,0.0560992424191272,0.5663450001741387,0.07458032906525854
ag_news,128,0.3,class_conditional,multinomial_nb,5,0.6635,0.027504545078950126,0.6595920254813641,0.029044504401593424
ag_news,128,0.3,class_conditional,softmax_logreg,5,0.6305,0.03637134861398458,0.6207262896464918,0.04065878898693413
ag_news,128,0.3,class_conditional,trimmed_softmax_logreg,5,0.476,0.045341757795656745,0.38924838135107875,0.06192530790219677
ag_news,128,0.3,symmetric,linear_svm_hinge,5,0.584,0.021785889929034324,0.5647202648832147,0.040693400080991295
ag_news,128,0.3,symmetric,multinomial_nb,5,0.7055,0.027415780127510506,0.7035175490803287,0.026176543805158714
ag_news,128,0.3,symmetric,softmax_logreg,5,0.656,0.037802116342871624,0.6456852944124696,0.03865668240662432
ag_news,128,0.3,symmetric,trimmed_softmax_logreg,5,0.53375,0.05893322492448552,0.4512359857973177,0.061788443696143724
dbpedia_14,8,0.0,class_conditional,linear_svm_hinge,5,0.6462142857142857,0.047098247291796146,0.617503245698175,0.05107098105949205
dbpedia_14,8,0.0,class_conditional,multinomial_nb,5,0.7685000000000001,0.01104582292460062,0.7616501186981932,0.013035014230867725
dbpedia_14,8,0.0,class_conditional,softmax_logreg,5,0.7812857142857144,0.009385725157636682,0.7771924918976146,0.010008538855248241
dbpedia_14,8,0.0,class_conditional,trimmed_softmax_logreg,5,0.6596428571428572,0.01841139842154133,0.6157216753707998,0.030207520254405186
dbpedia_14,8,0.0,symmetric,linear_svm_hinge,5,0.6462142857142857,0.047098247291796146,0.617503245698175,0.05107098105949205
dbpedia_14,8,0.0,symmetric,multinomial_nb,5,0.7685000000000001,0.01104582292460062,0.7616501186981932,0.013035014230867725
dbpedia_14,8,0.0,symmetric,softmax_logreg,5,0.7812857142857144,0.009385725157636682,0.7771924918976146,0.010008538855248241
dbpedia_14,8,0.0,symmetric,trimmed_softmax_logreg,5,0.6596428571428572,0.01841139842154133,0.6157216753707998,0.030207520254405186
dbpedia_14,8,0.05,class_conditional,linear_svm_hinge,5,0.6199285714285715,0.02205558839822317,0.5842132729715378,0.019125504687463647
dbpedia_14,8,0.05,class_conditional,multinomial_nb,5,0.7332142857142856,0.01737785360504476,0.7238187042394028,0.01955204004934666
dbpedia_14,8,0.05,class_conditional,softmax_logreg,5,0.7245,0.015708765264095342,0.7168259226215861,0.018534733476027028
dbpedia_14,8,0.05,class_conditional,trimmed_softmax_logreg,5,0.6091428571428572,0.0267629427014448,0.5654443436781248,0.039109633372588354
dbpedia_14,8,0.05,symmetric,linear_svm_hinge,5,0.6517142857142857,0.02701511292833348,0.6244217377554945,0.035988024182443075
dbpedia_14,8,0.05,symmetric,multinomial_nb,5,0.7283571428571428,0.024014876341848734,0.7195037752809911,0.024431975932709273
dbpedia_14,8,0.05,symmetric,softmax_logreg,5,0.7272857142857143,0.02073840959796725,0.7175103175700108,0.024124696192090605
dbpedia_14,8,0.05,symmetric,trimmed_softmax_logreg,5,0.5975714285714286,0.02833239294157694,0.5369105905788689,0.03436648113686338
dbpedia_14,8,0.1,class_conditional,linear_svm_hinge,5,0.6179285714285714,0.03788772349768109,0.580780404002489,0.03563084484363613
dbpedia_14,8,0.1,class_conditional,multinomial_nb,5,0.6813571428571429,0.01446741588705389,0.6688624710567331,0.013120650511131874
dbpedia_14,8,0.1,class_conditional,softmax_logreg,5,0.6599285714285713,0.020265331812466994,0.6441188678476235,0.02215531653775924
dbpedia_14,8,0.1,class_conditional,trimmed_softmax_logreg,5,0.5533571428571429,0.027869594286861886,0.4899401674251359,0.03999025442414912
dbpedia_14,8,0.1,symmetric,linear_svm_hinge,5,0.5982857142857143,0.022678318333795838,0.5690780162345354,0.025939263837275333
dbpedia_14,8,0.1,symmetric,multinomial_nb,5,0.6459285714285714,0.036528993237410406,0.6258722396102927,0.042814569224871264
dbpedia_14,8,0.1,symmetric,softmax_logreg,5,0.6084999999999999,0.06547565367745323,0.588175860817089,0.06742848973392743
dbpedia_14,8,0.1,symmetric,trimmed_softmax_logreg,5,0.5362857142857143,0.037616214480417014,0.4819731782003057,0.0391147692171909
dbpedia_14,8,0.2,class_conditional,linear_svm_hinge,5,0.5471428571428572,0.032841611235921865,0.5029178826569561,0.04099293499740258
dbpedia_14,8,0.2,class_conditional,multinomial_nb,5,0.6059285714285714,0.030155718312432488,0.5867735732306556,0.03216623621709547
dbpedia_14,8,0.2,class_conditional,softmax_logreg,5,0.5717857142857142,0.0339161631445684,0.5493432321780651,0.03160481215578063
dbpedia_14,8,0.2,class_conditional,trimmed_softmax_logreg,5,0.5017142857142857,0.030064047278693367,0.43886243841530675,0.03419293516273892
dbpedia_14,8,0.2,symmetric,linear_svm_hinge,5,0.5080714285714285,0.03515388909306263,0.4493508482346429,0.04657521866795592
dbpedia_14,8,0.2,symmetric,multinomial_nb,5,0.5899285714285714,0.033801944153723264,0.5667043683686025,0.04011738524086397
dbpedia_14,8,0.2,symmetric,softmax_logreg,5,0.5492857142857142,0.03059695196237292,0.5188845752534427,0.03668665938985624
dbpedia_14,8,0.2,symmetric,trimmed_softmax_logreg,5,0.49085714285714294,0.027105801773714765,0.43071734520233596,0.01545055225729278
dbpedia_14,8,0.3,class_conditional,linear_svm_hinge,5,0.5028571428571429,0.027474477952738444,0.4532985760772422,0.05130131832614842
dbpedia_14,8,0.3,class_conditional,multinomial_nb,5,0.5425714285714285,0.05258006528434634,0.5149632893655749,0.06330371591618442
dbpedia_14,8,0.3,class_conditional,softmax_logreg,5,0.5075000000000001,0.05335575634075371,0.4723859362570965,0.06566558460108847
dbpedia_14,8,0.3,class_conditional,trimmed_softmax_logreg,5,0.4607857142857143,0.04338155349539099,0.40036255414585875,0.05167569963713822
dbpedia_14,8,0.3,symmetric,linear_svm_hinge,5,0.5137857142857143,0.03985599076675927,0.48498432224515897,0.04722985375660491
dbpedia_14,8,0.3,symmetric,multinomial_nb,5,0.5418571428571428,0.01859119826856853,0.5091715704499505,0.023865973201976604
dbpedia_14,8,0.3,symmetric,softmax_logreg,5,0.4861428571428572,0.02811365417409142,0.45060962110969854,0.033193798757460286
dbpedia_14,8,0.3,symmetric,trimmed_softmax_logreg,5,0.45021428571428573,0.037795502377928517,0.3856789460970914,0.04571788561578478
dbpedia_14,16,0.0,class_conditional,linear_svm_hinge,5,0.7389285714285714,0.02347599729467508,0.7148650994541246,0.03165659834800691
dbpedia_14,16,0.0,class_conditional,multinomial_nb,5,0.8342142857142857,0.012605473381974718,0.8304031774047808,0.014041815185805773
dbpedia_14,16,0.0,class_conditional,softmax_logreg,5,0.8424285714285714,0.007379646581881123,0.8382285233865157,0.008823119723065737
dbpedia_14,16,0.0,class_conditional,trimmed_softmax_logreg,5,0.6602857142857144,0.009818246237677755,0.6047935566960478,0.010609658691393607
dbpedia_14,16,0.0,symmetric,linear_svm_hinge,5,0.7389285714285714,0.02347599729467508,0.7148650994541246,0.03165659834800691
dbpedia_14,16,0.0,symmetric,multinomial_nb,5,0.8342142857142857,0.012605473381974718,0.8304031774047808,0.014041815185805773
dbpedia_14,16,0.0,symmetric,softmax_logreg,5,0.8424285714285714,0.007379646581881123,0.8382285233865157,0.008823119723065737
dbpedia_14,16,0.0,symmetric,trimmed_softmax_logreg,5,0.6602857142857144,0.009818246237677755,0.6047935566960478,0.010609658691393607
dbpedia_14,16,0.05,class_conditional,linear_svm_hinge,5,0.708,0.05216467254018268,0.6774198875215947,0.060727722722228594
dbpedia_14,16,0.05,class_conditional,multinomial_nb,5,0.8062857142857144,0.04011374134754772,0.8019128995868154,0.04099227707754014
dbpedia_14,16,0.05,class_conditional,softmax_logreg,5,0.7758571428571428,0.0746613442587971,0.7660127522497823,0.08278939810552643
dbpedia_14,16,0.05,class_conditional,trimmed_softmax_logreg,5,0.6282142857142857,0.03568641769866044,0.5727062261467901,0.04252665344221679
dbpedia_14,16,0.05,symmetric,linear_svm_hinge,5,0.7464285714285713,0.03176604527877305,0.7378704081567335,0.03163104749856432
dbpedia_14,16,0.05,symmetric,multinomial_nb,5,0.8207142857142855,0.010768908382705356,0.8175911672477252,0.013024378455752373
dbpedia_14,16,0.05,symmetric,softmax_logreg,5,0.8034285714285714,0.006379175303361751,0.8018121790407122,0.007753086891482208
dbpedia_14,16,0.05,symmetric,trimmed_softmax_logreg,5,0.6502142857142857,0.029648106247813423,0.6075104504850801,0.03494744314770796
dbpedia_14,16,0.1,class_conditional,linear_svm_hinge,5,0.6718571428571428,0.02919183559329768,0.632434886786496,0.03488330983733788
dbpedia_14,16,0.1,class_conditional,multinomial_nb,5,0.76,0.047612380485648906,0.7501498374020203,0.05288458192106755
dbpedia_14,16,0.1,class_conditional,softmax_logreg,5,0.6952857142857143,0.07554340555236429,0.6723385284138448,0.08925866761958952
dbpedia_14,16,0.1,class_conditional,trimmed_softmax_logreg,5,0.5903571428571428,0.02892107486641136,0.5198882344963955,0.031265553457678966
dbpedia_14,16,0.1,symmetric,linear_svm_hinge,5,0.6712142857142857,0.037194743978038555,0.6312404371705194,0.0474047287571259
dbpedia_14,16,0.1,symmetric,multinomial_nb,5,0.7936428571428572,0.02060735949378575,0.7873097655843897,0.02736256047314244
dbpedia_14,16,0.1,symmetric,softmax_logreg,5,0.7555,0.039669939269334056,0.7425600050574719,0.04568534132061808
dbpedia_14,16,0.1,symmetric,trimmed_softmax_logreg,5,0.6279285714285713,0.0334888040992807,0.569443108266886,0.05161389254490301
dbpedia_14,16,0.2,class_conditional,linear_svm_hinge,5,0.6274285714285714,0.05164310412902803,0.5861216086013685,0.06896985869291955
dbpedia_14,16,0.2,class_conditional,multinomial_nb,5,0.6990714285714286,0.04070714223046648,0.6816439277738349,0.04277291984237139
dbpedia_14,16,0.2,class_conditional,softmax_logreg,5,0.6305000000000001,0.06348654043438286,0.5939703837953801,0.07151316411869717
dbpedia_14,16,0.2,class_conditional,trimmed_softmax_logreg,5,0.546,0.03621041117622141,0.46053921181120394,0.03653051880087721
dbpedia_14,16,0.2,symmetric,linear_svm_hinge,5,0.6407857142857143,0.01931003757169852,0.6174968368747527,0.01871041241355429
dbpedia_14,16,0.2,symmetric,multinomial_nb,5,0.7499285714285715,0.009944745305118359,0.7377700733536875,0.009647847569979108
dbpedia_14,16,0.2,symmetric,softmax_logreg,5,0.6668571428571429,0.05439528415934151,0.6507353067165329,0.04953179565662914
dbpedia_14,16,0.2,symmetric,trimmed_softmax_logreg,5,0.5612857142857142,0.03933672013552235,0.50158808048852,0.04460929209416458
dbpedia_14,16,0.3,class_conditional,linear_svm_hinge,5,0.5894285714285714,0.03687305857912508,0.5460229198311897,0.04034948081268237
dbpedia_14,16,0.3,class_conditional,multinomial_nb,5,0.6326428571428572,0.02377466495826073,0.6105738413454498,0.024780180080473186
dbpedia_14,16,0.3,class_conditional,softmax_logreg,5,0.5910000000000001,0.017807645686557197,0.5545127072812331,0.028905769549336456
dbpedia_14,16,0.3,class_conditional,trimmed_softmax_logreg,5,0.5205714285714286,0.03218536871287437,0.4463466483150887,0.044510548960799326
dbpedia_14,16,0.3,symmetric,linear_svm_hinge,5,0.5917142857142859,0.0595520694820242,0.5763301947760259,0.06885537388845975
dbpedia_14,16,0.3,symmetric,multinomial_nb,5,0.7,0.024779641083859487,0.6894659820551173,0.029384896796036335
dbpedia_14,16,0.3,symmetric,softmax_logreg,5,0.6460714285714286,0.01537457482405313,0.6222878535048892,0.027680746449305516
dbpedia_14,16,0.3,symmetric,trimmed_softmax_logreg,5,0.5250714285714285,0.03551113651133303,0.4470073675117929,0.03207499844158594
dbpedia_14,64,0.0,class_conditional,linear_svm_hinge,5,0.8199285714285715,0.018313316221274856,0.808541885283266,0.022351371463582407
dbpedia_14,64,0.0,class_conditional,multinomial_nb,5,0.8958571428571428,0.006490180966628892,0.8945869098083294,0.006672892677138094
dbpedia_14,64,0.0,class_conditional,softmax_logreg,5,0.8912142857142857,0.0012697420596165154,0.8893114707459485,0.0014691048349529284
dbpedia_14,64,0.0,class_conditional,trimmed_softmax_logreg,5,0.7126428571428571,0.01811330551651725,0.663750296221361,0.019927602280675256
dbpedia_14,64,0.0,symmetric,linear_svm_hinge,5,0.8199285714285715,0.018313316221274856,0.808541885283266,0.022351371463582407
dbpedia_14,64,0.0,symmetric,multinomial_nb,5,0.8958571428571428,0.006490180966628892,0.8945869098083294,0.006672892677138094
dbpedia_14,64,0.0,symmetric,softmax_logreg,5,0.8912142857142857,0.0012697420596165154,0.8893114707459485,0.0014691048349529284
dbpedia_14,64,0.0,symmetric,trimmed_softmax_logreg,5,0.7126428571428571,0.01811330551651725,0.663750296221361,0.019927602280675256
dbpedia_14,64,0.05,class_conditional,linear_svm_hinge,5,0.8197142857142856,0.027055687093135,0.8079517151086287,0.03401507192332256
dbpedia_14,64,0.05,class_conditional,multinomial_nb,5,0.8838571428571429,0.004323641700120443,0.8820076601386718,0.004535896144840084
dbpedia_14,64,0.05,class_conditional,softmax_logreg,5,0.8700714285714286,0.006108709072350086,0.8662026814091945,0.00791516660482359
dbpedia_14,64,0.05,class_conditional,trimmed_softmax_logreg,5,0.7120714285714286,0.008488888295283195,0.6738975284847807,0.01070148472101865
dbpedia_14,64,0.05,symmetric,linear_svm_hinge,5,0.8239285714285713,0.030707640477142938,0.8067166821671454,0.04018419437494942
dbpedia_14,64,0.05,symmetric,multinomial_nb,5,0.8899285714285714,0.005017316951095979,0.8886215748947416,0.005328446947262986
dbpedia_14,64,0.05,symmetric,softmax_logreg,5,0.8799285714285714,0.008506899960548247,0.8773337435363772,0.01104217581142069
dbpedia_14,64,0.05,symmetric,trimmed_softmax_logreg,5,0.7406428571428572,0.012641848224473048,0.7047537538333021,0.0284205709892149
dbpedia_14,64,0.1,class_conditional,linear_svm_hinge,5,0.8111428571428572,0.006989058504227198,0.797150484970854,0.011857671945575066
dbpedia_14,64,0.1,class_conditional,multinomial_nb,5,0.8727857142857143,0.005022398808927708,0.8705154862479734,0.005231511384513159
dbpedia_14,64,0.1,class_conditional,softmax_logreg,5,0.8530714285714286,0.01926003581491574,0.8470209177863136,0.02218009223526625
dbpedia_14,64,0.1,class_conditional,trimmed_softmax_logreg,5,0.6871428571428572,0.04445991085764102,0.6463582057623898,0.05099414623554937
dbpedia_14,64,0.1,symmetric,linear_svm_hinge,5,0.8097857142857142,0.02643783621390884,0.7903157537299841,0.03415218928396134
dbpedia_14,64,0.1,symmetric,multinomial_nb,5,0.8826428571428572,0.00781024967590664,0.8811077685918601,0.008380520018680759
dbpedia_14,64,0.1,symmetric,softmax_logreg,5,0.8537857142857141,0.01740660207847494,0.8514509226798139,0.018420632703802984
dbpedia_14,64,0.1,symmetric,trimmed_softmax_logreg,5,0.7174285714285714,0.0365958344902916,0.6944221135912351,0.035315683138707026
dbpedia_14,64,0.2,class_conditional,linear_svm_hinge,5,0.7978571428571428,0.0294403582498167,0.7860645119829113,0.033595879598944764
dbpedia_14,64,0.2,class_conditional,multinomial_nb,5,0.830857142857143,0.0073595696413664416,0.8268721412978379,0.007132989091278513
dbpedia_14,64,0.2,class_conditional,softmax_logreg,5,0.8027142857142857,0.030738030688582604,0.7924871115554566,0.03707366468720702
dbpedia_14,64,0.2,class_conditional,trimmed_softmax_logreg,5,0.6218571428571428,0.031747087284039265,0.5659763188188228,0.04339899389964844
dbpedia_14,64,0.2,symmetric,linear_svm_hinge,5,0.7935714285714286,0.02815047032629894,0.7789311742778787,0.022189115964687714
dbpedia_14,64,0.2,symmetric,multinomial_nb,5,0.8634999999999999,0.003651949437475507,0.8613930536210669,0.0038309461197127957
dbpedia_14,64,0.2,symmetric,softmax_logreg,5,0.8129285714285714,0.02096206486168063,0.8059256262857879,0.01975031782538078
dbpedia_14,64,0.2,symmetric,trimmed_softmax_logreg,5,0.6574285714285715,0.0479681016458876,0.6156523409932758,0.06151490774633768
dbpedia_14,64,0.3,class_conditional,linear_svm_hinge,5,0.7553571428571428,0.016828971617846595,0.7406373439267675,0.025382909793962433
dbpedia_14,64,0.3,class_conditional,multinomial_nb,5,0.7537142857142858,0.009053694701893903,0.746598855771329,0.010255671292304617
dbpedia_14,64,0.3,class_conditional,softmax_logreg,5,0.7241428571428572,0.06078718312813206,0.6994593701434513,0.07775997201400674
dbpedia_14,64,0.3,class_conditional,trimmed_softmax_logreg,5,0.5802857142857143,0.03474572356596488,0.5159086117094963,0.0314912453462812
dbpedia_14,64,0.3,symmetric,linear_svm_hinge,5,0.7109285714285714,0.02639147976301505,0.6806851418620299,0.03804982027164512
dbpedia_14,64,0.3,symmetric,multinomial_nb,5,0.8440000000000001,0.005720532300050281,0.8413898341066046,0.006814979878822176
dbpedia_14,64,0.3,symmetric,softmax_logreg,5,0.7884285714285715,0.028793423285358014,0.7872339846546664,0.02488918529388771
dbpedia_14,64,0.3,symmetric,trimmed_softmax_logreg,5,0.624,0.02800091106389509,0.5735693153246709,0.028080001930842993
dbpedia_14,128,0.0,class_conditional,linear_svm_hinge,5,0.8743571428571428,0.010084844155099897,0.8705943021188343,0.010501242760806724
dbpedia_14,128,0.0,class_conditional,multinomial_nb,5,0.9103571428571428,0.007206856146074002,0.9094927240867727,0.007430963727661653
dbpedia_14,128,0.0,class_conditional,softmax_logreg,5,0.9050714285714285,0.004011463166314017,0.9037720463735651,0.0040422814810444525
dbpedia_14,128,0.0,class_conditional,trimmed_softmax_logreg,5,0.7227857142857143,0.006652450829642878,0.6808559658335034,0.0053175006115236635
dbpedia_14,128,0.0,symmetric,linear_svm_hinge,5,0.8743571428571428,0.010084844155099897,0.8705943021188343,0.010501242760806724
dbpedia_14,128,0.0,symmetric,multinomial_nb,5,0.9103571428571428,0.007206856146074002,0.9094927240867727,0.007430963727661653
dbpedia_14,128,0.0,symmetric,softmax_logreg,5,0.9050714285714285,0.004011463166314017,0.9037720463735651,0.0040422814810444525
dbpedia_14,128,0.0,symmetric,trimmed_softmax_logreg,5,0.7227857142857143,0.006652450829642878,0.6808559658335034,0.0053175006115236635
dbpedia_14,128,0.05,class_conditional,linear_svm_hinge,5,0.8632142857142856,0.01543253917235017,0.8581537889560661,0.01738531158060275
dbpedia_14,128,0.05,class_conditional,multinomial_nb,5,0.9022857142857144,0.007119963311072611,0.9012640354103892,0.007308415538568319
dbpedia_14,128,0.05,class_conditional,softmax_logreg,5,0.8950714285714287,0.00541822321957509,0.8927537777618696,0.00569130465906472
dbpedia_14,128,0.05,class_conditional,trimmed_softmax_logreg,5,0.7273571428571429,0.016073174508338738,0.6960330926560905,0.022873093511608916
dbpedia_14,128,0.05,symmetric,linear_svm_hinge,5,0.8657142857142857,0.019418852611179004,0.8615857989966639,0.022712804259029704
dbpedia_14,128,0.05,symmetric,multinomial_nb,5,0.9035,0.006402327382941884,0.9025516565579064,0.006538792957613839
dbpedia_14,128,0.05,symmetric,softmax_logreg,5,0.8960000000000001,0.006667772017208581,0.8947555333395956,0.007000031019416433
dbpedia_14,128,0.05,symmetric,trimmed_softmax_logreg,5,0.7501428571428572,0.034107124158558814,0.7245160029864293,0.04825656080044877
dbpedia_14,128,0.1,class_conditional,linear_svm_hinge,5,0.8480000000000001,0.01542691790081115,0.8391634762191664,0.02291313754388478
dbpedia_14,128,0.1,class_conditional,multinomial_nb,5,0.8921428571428571,0.006928939607301553,0.8908900892486864,0.007142863313061035
dbpedia_14,128,0.1,class_conditional,softmax_logreg,5,0.8709285714285715,0.015731484095174726,0.867052334410763,0.017201084792640604
dbpedia_14,128,0.1,class_conditional,trimmed_softmax_logreg,5,0.7032857142857143,0.03083646794141705,0.6627062350097479,0.03932911205181424
dbpedia_14,128,0.1,symmetric,linear_svm_hinge,5,0.8642142857142858,0.016729236292753337,0.8594137607116327,0.018482061663584144
dbpedia_14,128,0.1,symmetric,multinomial_nb,5,0.9019999999999999,0.006610906264095196,0.9009769993483701,0.006799384790578666
dbpedia_14,128,0.1,symmetric,softmax_logreg,5,0.8912857142857142,0.009251585633538397,0.8903406739084057,0.009135911613473892
dbpedia_14,128,0.1,symmetric,trimmed_softmax_logreg,5,0.7547142857142858,0.02568490384864787,0.7313743137554549,0.022372406767148113
dbpedia_14,128,0.2,class_conditional,linear_svm_hinge,5,0.8355,0.01510608743358188,0.8264113776189003,0.01905326466911447
dbpedia_14,128,0.2,class_conditional,multinomial_nb,5,0.8554285714285715,0.01125855683650514,0.8524886030195624,0.012200226164728345
dbpedia_14,128,0.2,class_conditional,softmax_logreg,5,0.8256428571428571,0.011657090336016147,0.8091148254289988,0.015053943949541015
dbpedia_14,128,0.2,class_conditional,trimmed_softmax_logreg,5,0.6619999999999999,0.021246368237073054,0.6200697090702457,0.043417184593204115
dbpedia_14,128,0.2,symmetric,linear_svm_hinge,5,0.8268571428571428,0.026227419831550487,0.816337207775946,0.03629144235862295
dbpedia_14,128,0.2,symmetric,multinomial_nb,5,0.89,0.006226998490772399,0.8886121665275668,0.006115088999758852
dbpedia_14,128,0.2,symmetric,softmax_logreg,5,0.8667857142857143,0.009166821272660332,0.8618682723046195,0.012169997640672515
dbpedia_14,128,0.2,symmetric,trimmed_softmax_logreg,5,0.7602857142857143,0.03112384740919768,0.7313846524379606,0.04614572638601055
dbpedia_14,128,0.3,class_conditional,linear_svm_hinge,5,0.7954285714285715,0.012149997900394555,0.7811115686829276,0.016057036612059747
dbpedia_14,128,0.3,class_conditional,multinomial_nb,5,0.7851428571428571,0.010545334590834593,0.7793548735537902,0.011649292561702468
dbpedia_14,128,0.3,class_conditional,softmax_logreg,5,0.7852857142857144,0.02115467816260188,0.7597812587144765,0.02875401982540108
dbpedia_14,128,0.3,class_conditional,trimmed_softmax_logreg,5,0.6327142857142858,0.018788022671861093,0.5727360234260163,0.0387553549076262
dbpedia_14,128,0.3,symmetric,linear_svm_hinge,5,0.7810714285714286,0.02447510188425978,0.7675620809702243,0.029984076185359292
dbpedia_14,128,0.3,symmetric,multinomial_nb,5,0.8790714285714287,0.005844935012993955,0.8776456218299421,0.0064033876258182245
dbpedia_14,128,0.3,symmetric,softmax_logreg,5,0.8414285714285714,0.021621748310439653,0.8354041402911131,0.023986955266374604
dbpedia_14,128,0.3,symmetric,trimmed_softmax_logreg,5,0.7093571428571429,0.05091579683503872,0.6724056049785513,0.06688857906858345
trec_qc,8,0.0,class_conditional,linear_svm_hinge,5,0.4596,0.08744735559180737,0.43216409421347163,0.07269231141436512
trec_qc,8,0.0,class_conditional,multinomial_nb,5,0.45600000000000007,0.0931579304192617,0.4364064610395787,0.06796186613218115
trec_qc,8,0.0,class_conditional,softmax_logreg,5,0.45600000000000007,0.098207942652313,0.44680286741789627,0.07471812892637139
trec_qc,8,0.0,class_conditional,trimmed_softmax_logreg,5,0.4396,0.10377976681415314,0.4321283327950315,0.08236607425795603
trec_qc,8,0.0,symmetric,linear_svm_hinge,5,0.4596,0.08744735559180737,0.43216409421347163,0.07269231141436512
trec_qc,8,0.0,symmetric,multinomial_nb,5,0.45600000000000007,0.0931579304192617,0.4364064610395787,0.06796186613218115
trec_qc,8,0.0,symmetric,softmax_logreg,5,0.45600000000000007,0.098207942652313,0.44680286741789627,0.07471812892637139
trec_qc,8,0.0,symmetric,trimmed_softmax_logreg,5,0.4396,0.10377976681415314,0.4321283327950315,0.08236607425795603
trec_qc,8,0.05,class_conditional,linear_svm_hinge,5,0.43,0.08316730126678394,0.41789749205976545,0.07245735556019875
trec_qc,8,0.05,class_conditional,multinomial_nb,5,0.39440000000000003,0.12468456199546119,0.3950906783733442,0.09511169158776653
trec_qc,8,0.05,class_conditional,softmax_logreg,5,0.43920000000000003,0.09826169141633988,0.4390113833257094,0.07739373262630878
trec_qc,8,0.05,class_conditional,trimmed_softmax_logreg,5,0.41600000000000004,0.1024968292192495,0.4121121947157418,0.07386469560058438
trec_qc,8,0.05,symmetric,linear_svm_hinge,5,0.4184,0.08889004443693345,0.40489454719584017,0.059156454012796
trec_qc,8,0.05,symmetric,multinomial_nb,5,0.41320000000000007,0.09587992490610328,0.3956748509355011,0.06509846086515804
trec_qc,8,0.05,symmetric,softmax_logreg,5,0.4136,0.08288208491586103,0.4113922633767351,0.06008491875821025
trec_qc,8,0.05,symmetric,trimmed_softmax_logreg,5,0.4008,0.10506074433393285,0.4006863663611977,0.07405090980816047
trec_qc,8,0.1,class_conditional,linear_svm_hinge,5,0.384,0.10890730003080602,0.3891400164069679,0.09094976600145215
trec_qc,8,0.1,class_conditional,multinomial_nb,5,0.3536,0.09322145675755125,0.36516720621011595,0.07678620479526053
trec_qc,8,0.1,class_conditional,softmax_logreg,5,0.40599999999999997,0.0897284793139837,0.41748522619259953,0.07285691499201995
trec_qc,8,0.1,class_conditional,trimmed_softmax_logreg,5,0.34159999999999996,0.08473393653076669,0.35431300487858397,0.06152440000368782
trec_qc,8,0.1,symmetric,linear_svm_hinge,5,0.40119999999999995,0.08955534601574604,0.3880993358175241,0.0514180398718087
trec_qc,8,0.1,symmetric,multinomial_nb,5,0.41479999999999995,0.08970707887340887,0.3950874474174066,0.061170679387825125
trec_qc,8,0.1,symmetric,softmax_logreg,5,0.4032,0.06783037667594069,0.3952392836571224,0.04287082490615592
trec_qc,8,0.1,symmetric,trimmed_softmax_logreg,5,0.4404,0.102741617662951,0.3901834823715698,0.07350555898565693
trec_qc,8,0.2,class_conditional,linear_svm_hinge,5,0.3664,0.11130067385240756,0.3698324993155991,0.08635518727992984
trec_qc,8,0.2,class_conditional,multinomial_nb,5,0.34,0.08987101868789514,0.33831898834904994,0.0764666200387644
trec_qc,8,0.2,class_conditional,softmax_logreg,5,0.3844,0.10079206317959763,0.3872165039570924,0.08753533379036102
trec_qc,8,0.2,class_conditional,trimmed_softmax_logreg,5,0.31639999999999996,0.07498693219488313,0.3135639794191469,0.06449126250895522
trec_qc,8,0.2,symmetric,linear_svm_hinge,5,0.3728,0.10374275878344474,0.35687774116736065,0.0687271751218651
trec_qc,8,0.2,symmetric,multinomial_nb,5,0.35960000000000003,0.09768029483984987,0.33999333309559543,0.05672074277175304
trec_qc,8,0.2,symmetric,softmax_logreg,5,0.45999999999999996,0.11120431646298629,0.41054143978992175,0.08367039853452606
trec_qc,8,0.2,symmetric,trimmed_softmax_logreg,5,0.3792,0.13117682722188398,0.34185309772138417,0.1257420154892976
trec_qc,8,0.3,class_conditional,linear_svm_hinge,5,0.33199999999999996,0.12999692304050892,0.3144185015207107,0.09546235105383002
trec_qc,8,0.3,class_conditional,multinomial_nb,5,0.31520000000000004,0.10361930322097326,0.3025229023523073,0.08766612465823041
trec_qc,8,0.3,class_conditional,softmax_logreg,5,0.3396,0.08132305946040151,0.3252738654117241,0.07299754670222108
trec_qc,8,0.3,class_conditional,trimmed_softmax_logreg,5,0.3528,0.09201391199161135,0.3258905555134426,0.07587410481067913
trec_qc,8,0.3,symmetric,linear_svm_hinge,5,0.3684,0.10278832618541855,0.3263331396372527,0.08639592854822743
trec_qc,8,0.3,symmetric,multinomial_nb,5,0.3484,0.08335370417683906,0.30545430325158246,0.07208318345970278
trec_qc,8,0.3,symmetric,softmax_logreg,5,0.37760000000000005,0.09684957408269797,0.3476676984867376,0.08146840835056449
trec_qc,8,0.3,symmetric,trimmed_softmax_logreg,5,0.3308,0.09679338820394706,0.27747038957577563,0.08931021317628168
trec_qc,16,0.0,class_conditional,linear_svm_hinge,5,0.4504,0.08647219206195711,0.4291502389643977,0.05964086616277088
trec_qc,16,0.0,class_conditional,multinomial_nb,5,0.46240000000000003,0.0719266292829019,0.44606815156246604,0.059008439079625594
trec_qc,16,0.0,class_conditional,softmax_logreg,5,0.4984,0.11045650727775164,0.4854753957947689,0.09530658412797458
trec_qc,16,0.0,class_conditional,trimmed_softmax_logreg,5,0.4904,0.12004265908417723,0.4802844339127966,0.09976957459716716
trec_qc,16,0.0,symmetric,linear_svm_hinge,5,0.4504,0.08647219206195711,0.4291502389643977,0.05964086616277088
trec_qc,16,0.0,symmetric,multinomial_nb,5,0.46240000000000003,0.0719266292829019,0.44606815156246604,0.059008439079625594
trec_qc,16,0.0,symmetric,softmax_logreg,5,0.4984,0.11045650727775164,0.4854753957947689,0.09530658412797458
trec_qc,16,0.0,symmetric,trimmed_softmax_logreg,5,0.4904,0.12004265908417723,0.4802844339127966,0.09976957459716716
trec_qc,16,0.05,class_conditional,linear_svm_hinge,5,0.45680000000000004,0.08108859352584677,0.45696046703327253,0.060283360205701915
trec_qc,16,0.05,class_conditional,multinomial_nb,5,0.45200000000000007,0.09095933157186237,0.43792000010760157,0.07308428691855837
trec_qc,16,0.05,class_conditional,softmax_logreg,5,0.4484,0.09728638136964494,0.4407721659553202,0.08091141906074219
trec_qc,16,0.05,class_conditional,trimmed_softmax_logreg,5,0.4688,0.13616225615052063,0.4597293608447021,0.12423773931023527
trec_qc,16,0.05,symmetric,linear_svm_hinge,5,0.4788,0.10957810000177955,0.452934539411978,0.08211788538685338
trec_qc,16,0.05,symmetric,multinomial_nb,5,0.488,0.11564082324162173,0.45968828991150285,0.09978344020633301
trec_qc,16,0.05,symmetric,softmax_logreg,5,0.4848,0.11077617072276871,0.46753611861713307,0.08705706558636438
trec_qc,16,0.05,symmetric,trimmed_softmax_logreg,5,0.47719999999999996,0.11391646061917478,0.45318345284328876,0.09588707842050864
trec_qc,16,0.1,class_conditional,linear_svm_hinge,5,0.4164,0.09216854127086964,0.405456946353503,0.07327564267101139
trec_qc,16,0.1,class_conditional,multinomial_nb,5,0.4072,0.08228341266622333,0.40343014360630497,0.06707761701398401
trec_qc,16,0.1,class_conditional,softmax_logreg,5,0.4492,0.10348023965956012,0.4410759324316896,0.08731800577310565
trec_qc,16,0.1,class_conditional,trimmed_softmax_logreg,5,0.46799999999999997,0.13598235179610627,0.4389909721281491,0.10968951578002023
trec_qc,16,0.1,symmetric,linear_svm_hinge,5,0.43600000000000005,0.08140761635129723,0.42917240999498174,0.06864680526593901
trec_qc,16,0.1,symmetric,multinomial_nb,5,0.458,0.11932476691785324,0.42860831540029015,0.09253876263174846
trec_qc,16,0.1,symmetric,softmax_logreg,5,0.4732,0.1214881064137556,0.44863778223549583,0.09880840313370681
trec_qc,16,0.1,symmetric,trimmed_softmax_logreg,5,0.44799999999999995,0.0978243323514145,0.4066948770687566,0.08608650812522411
trec_qc,16,0.2,class_conditional,linear_svm_hinge,5,0.40800000000000003,0.10693549457500066,0.40006802824678767,0.07363274067327866
trec_qc,16,0.2,class_conditional,multinomial_nb,5,0.41319999999999996,0.12837819129431602,0.39966634302350484,0.10446112040763887
trec_qc,16,0.2,class_conditional,softmax_logreg,5,0.418,0.12267028980156523,0.41356637403358043,0.10236844531821708
trec_qc,16,0.2,class_conditional,trimmed_softmax_logreg,5,0.4004,0.11919328840165455,0.38975341149517745,0.09975450961101116
trec_qc,16,0.2,symmetric,linear_svm_hinge,5,0.3968,0.08188382013560433,0.39039982140452323,0.060757023461861376
trec_qc,16,0.2,symmetric,multinomial_nb,5,0.3724,0.07161452366664182,0.36346384996281667,0.05359216124676998
trec_qc,16,0.2,symmetric,softmax_logreg,5,0.376,0.054728420404758636,0.3662947621209618,0.029849537511487122
trec_qc,16,0.2,symmetric,trimmed_softmax_logreg,5,0.3564,0.05554673707788785,0.34245339058540336,0.04630200727678502
trec_qc,16,0.3,class_conditional,linear_svm_hinge,5,0.3756,0.15854538782317193,0.3512605350826179,0.13378764705906143
trec_qc,16,0.3,class_conditional,multinomial_nb,5,0.39239999999999997,0.15213362547444925,0.3618481185414063,0.12414516878049404
trec_qc,16,0.3,class_conditional,softmax_logreg,5,0.3972,0.16602457649396368,0.3704336685873224,0.1422174589877707
trec_qc,16,0.3,class_conditional,trimmed_softmax_logreg,5,0.3816,0.16254181000591814,0.3532810069241492,0.14998728433320602
trec_qc,16,0.3,symmetric,linear_svm_hinge,5,0.38760000000000006,0.08567286618294034,0.3759849025253343,0.05184405974849601
trec_qc,16,0.3,symmetric,multinomial_nb,5,0.3724,0.08669394442520194,0.3562045274251074,0.053688744304149966
trec_qc,16,0.3,symmetric,softmax_logreg,5,0.39239999999999997,0.09320429174667873,0.3858921924507942,0.055838196737308186
trec_qc,16,0.3,symmetric,trimmed_softmax_logreg,5,0.3404,0.10481526606367986,0.32694015430475165,0.06366173256160135
trec_qc,64,0.0,class_conditional,linear_svm_hinge,5,0.4744,0.03860362677262331,0.48432458495775005,0.044636655098701926
trec_qc,64,0.0,class_conditional,multinomial_nb,5,0.51,0.014805404418657412,0.49814016523097904,0.011641991293176177
trec_qc,64,0.0,class_conditional,softmax_logreg,5,0.5748000000000001,0.07044543988080422,0.5628457394427949,0.05702575657936321
trec_qc,64,0.0,class_conditional,trimmed_softmax_logreg,5,0.6499999999999999,0.040713634079998305,0.6130368388140479,0.037082177425351456
trec_qc,64,0.0,symmetric,linear_svm_hinge,5,0.4744,0.03860362677262331,0.48432458495775005,0.044636655098701926
trec_qc,64,0.0,symmetric,multinomial_nb,5,0.51,0.014805404418657412,0.49814016523097904,0.011641991293176177
trec_qc,64,0.0,symmetric,softmax_logreg,5,0.5748000000000001,0.07044543988080422,0.5628457394427949,0.05702575657936321
trec_qc,64,0.0,symmetric,trimmed_softmax_logreg,5,0.6499999999999999,0.040713634079998305,0.6130368388140479,0.037082177425351456
trec_qc,64,0.05,class_conditional,linear_svm_hinge,5,0.4364,0.05382044221297331,0.45212499734526074,0.047400195738326587
trec_qc,64,0.05,class_conditional,multinomial_nb,5,0.5048,0.034724055062737146,0.4972038586639599,0.03142740124915375
trec_qc,64,0.05,class_conditional,softmax_logreg,5,0.5656000000000001,0.09044246790087057,0.5521246706624396,0.0706323125405828
trec_qc,64,0.05,class_conditional,trimmed_softmax_logreg,5,0.5748,0.08591716941333671,0.5597677951004862,0.07169766596782622
trec_qc,64,0.05,symmetric,linear_svm_hinge,5,0.47759999999999997,0.043255519878970354,0.4737923120049009,0.0503673040242847
trec_qc,64,0.05,symmetric,multinomial_nb,5,0.4936,0.018821264569629747,0.483523710224822,0.020373097789998514
trec_qc,64,0.05,symmetric,softmax_logreg,5,0.5711999999999999,0.09119298218613095,0.5534328309418765,0.0696177310386552
trec_qc,64,0.05,symmetric,trimmed_softmax_logreg,5,0.5572000000000001,0.11021869169972941,0.5377569255413357,0.10104368736275914
trec_qc,64,0.1,class_conditional,linear_svm_hinge,5,0.4848,0.03665187580465699,0.4894256921052705,0.041889184302226726
trec_qc,64,0.1,class_conditional,multinomial_nb,5,0.48319999999999996,0.023549097647256045,0.47914051944797265,0.020616936226434793
trec_qc,64,0.1,class_conditional,softmax_logreg,5,0.5352,0.07966529984880495,0.5314579416471404,0.059724953282683284
trec_qc,64,0.1,class_conditional,trimmed_softmax_logreg,5,0.5904,0.07898759396259644,0.567240162161394,0.061198388252293144
trec_qc,64,0.1,symmetric,linear_svm_hinge,5,0.47479999999999994,0.0648888280060597,0.4687448870485079,0.047552918125699166
trec_qc,64,0.1,symmetric,multinomial_nb,5,0.5044000000000001,0.06015180795287868,0.48075154727944414,0.03500264998593522
trec_qc,64,0.1,symmetric,softmax_logreg,5,0.554,0.08799090862128882,0.5403379966926711,0.06580368121268293
trec_qc,64,0.1,symmetric,trimmed_softmax_logreg,5,0.5571999999999999,0.09278448146107192,0.5247677367343876,0.06274846769140252
trec_qc,64,0.2,class_conditional,linear_svm_hinge,5,0.4436,0.060470157929345625,0.43025605147806933,0.030464743616557818
trec_qc,64,0.2,class_conditional,multinomial_nb,5,0.462,0.07256445410805486,0.45124363972699755,0.047226653825324996
trec_qc,64,0.2,class_conditional,softmax_logreg,5,0.5208,0.09754260607549914,0.5063344149983601,0.07386549077349017
trec_qc,64,0.2,class_conditional,trimmed_softmax_logreg,5,0.5348,0.05536208088574705,0.5150657419611153,0.03983349426742576
trec_qc,64,0.2,symmetric,linear_svm_hinge,5,0.46440000000000003,0.09986711170350328,0.44964373998530965,0.07568432362601478
trec_qc,64,0.2,symmetric,multinomial_nb,5,0.42679999999999996,0.031637951893256314,0.41783088528909695,0.02775014468715482
trec_qc,64,0.2,symmetric,softmax_logreg,5,0.484,0.05828207271537277,0.47518412687549344,0.04669880616409391
trec_qc,64,0.2,symmetric,trimmed_softmax_logreg,5,0.4668,0.04629643614793694,0.4463786153183656,0.0443431622069226
trec_qc,64,0.3,class_conditional,linear_svm_hinge,5,0.48839999999999995,0.09611160179707752,0.4806247054500412,0.07604258163239513
trec_qc,64,0.3,class_conditional,multinomial_nb,5,0.398,0.026168683574073807,0.39780758473444944,0.0267003586940059
trec_qc,64,0.3,class_conditional,softmax_logreg,5,0.4316,0.022249494376277393,0.4376901344299295,0.02395085691032047
trec_qc,64,0.3,class_conditional,trimmed_softmax_logreg,5,0.4508000000000001,0.05769714031041748,0.46689139114460654,0.03719218182890222
trec_qc,64,0.3,symmetric,linear_svm_hinge,5,0.46840000000000004,0.05322255161113568,0.4552892643833644,0.051645204497938885
trec_qc,64,0.3,symmetric,multinomial_nb,5,0.48760000000000003,0.08978552221822848,0.4652112810997394,0.06997684032485725
trec_qc,64,0.3,symmetric,softmax_logreg,5,0.5332,0.07160558637424877,0.515590903754356,0.0558803575390592
trec_qc,64,0.3,symmetric,trimmed_softmax_logreg,5,0.5519999999999999,0.060570619940694015,0.537987678114132,0.05388157053199181
trec_qc,128,0.0,class_conditional,linear_svm_hinge,5,0.5616,0.07537002056520879,0.5296823920676368,0.05937384173219258
trec_qc,128,0.0,class_conditional,multinomial_nb,5,0.7020000000000001,0.01779887636902957,0.6577130516423866,0.010264991529749365
trec_qc,128,0.0,class_conditional,softmax_logreg,5,0.6732000000000001,0.049308822739951935,0.6554381429795717,0.028181349702193194
trec_qc,128,0.0,class_conditional,trimmed_softmax_logreg,5,0.6552,0.04507061126721047,0.6593287876511478,0.020927361057140877
trec_qc,128,0.0,symmetric,linear_svm_hinge,5,0.5616,0.07537002056520879,0.5296823920676368,0.05937384173219258
trec_qc,128,0.0,symmetric,multinomial_nb,5,0.7020000000000001,0.01779887636902957,0.6577130516423866,0.010264991529749365
trec_qc,128,0.0,symmetric,softmax_logreg,5,0.6732000000000001,0.049308822739951935,0.6554381429795717,0.028181349702193194
trec_qc,128,0.0,symmetric,trimmed_softmax_logreg,5,0.6552,0.04507061126721047,0.6593287876511478,0.020927361057140877
trec_qc,128,0.05,class_conditional,linear_svm_hinge,5,0.5808,0.09764916794320368,0.5473310932678841,0.07791837549278788
trec_qc,128,0.05,class_conditional,multinomial_nb,5,0.6548,0.057251724864845734,0.6180000110162205,0.04062702397369174
trec_qc,128,0.05,class_conditional,softmax_logreg,5,0.6723999999999999,0.058342437384805934,0.6510360332790139,0.02933490086794539
trec_qc,128,0.05,class_conditional,trimmed_softmax_logreg,5,0.6372,0.06374448995795634,0.62840251806827,0.047762675707651144
trec_qc,128,0.05,symmetric,linear_svm_hinge,5,0.5412000000000001,0.07898961957118165,0.504530978238725,0.044612787328152104
trec_qc,128,0.05,symmetric,multinomial_nb,5,0.6628000000000001,0.06284711608339714,0.6274544298927565,0.04825684144239025
trec_qc,128,0.05,symmetric,softmax_logreg,5,0.6759999999999999,0.06502922419958582,0.6554928341078939,0.034488091272590324
trec_qc,128,0.05,symmetric,trimmed_softmax_logreg,5,0.638,0.06397499511527921,0.6359221653985397,0.03244973729518503
trec_qc,128,0.1,class_conditional,linear_svm_hinge,5,0.5232,0.07233920099088738,0.5041218943659589,0.03707123937289804
trec_qc,128,0.1,class_conditional,multinomial_nb,5,0.6304000000000001,0.06031119299101951,0.5900476656207084,0.041789131252068644
trec_qc,128,0.1,class_conditional,softmax_logreg,5,0.6676,0.0584793980817176,0.6419344153968586,0.03452590244484686
trec_qc,128,0.1,class_conditional,trimmed_softmax_logreg,5,0.6392,0.0671309168714386,0.6406117043668397,0.06402254689879482
trec_qc,128,0.1,symmetric,linear_svm_hinge,5,0.5424,0.06430427668514746,0.5135801497612127,0.04112741646635564
trec_qc,128,0.1,symmetric,multinomial_nb,5,0.6076,0.07512549500668866,0.5818419377090136,0.05117953439329929
trec_qc,128,0.1,symmetric,softmax_logreg,5,0.6580000000000001,0.06654922989787333,0.6406477980945379,0.0465387500896119
trec_qc,128,0.1,symmetric,trimmed_softmax_logreg,5,0.592,0.054140557810203625,0.6092674885463473,0.04081308015520927
trec_qc,128,0.2,class_conditional,linear_svm_hinge,5,0.4728,0.03176413071374692,0.4541002772087106,0.037458264632372666
trec_qc,128,0.2,class_conditional,multinomial_nb,5,0.5715999999999999,0.05706697819229611,0.5370196329479422,0.03032018725431756
trec_qc,128,0.2,class_conditional,softmax_logreg,5,0.6108,0.06693997311024259,0.5977183637545802,0.0356632499362504
trec_qc,128,0.2,class_conditional,trimmed_softmax_logreg,5,0.5672,0.05319548853051356,0.5679061347607669,0.07080434231874934
trec_qc,128,0.2,symmetric,linear_svm_hinge,5,0.49240000000000006,0.09544338636071126,0.47190525265908434,0.09059970822252217
trec_qc,128,0.2,symmetric,multinomial_nb,5,0.558,0.07819974424510606,0.5358299480185088,0.05350644988968993
trec_qc,128,0.2,symmetric,softmax_logreg,5,0.6155999999999999,0.06015180795287871,0.60921287523784,0.03288070050810505
trec_qc,128,0.2,symmetric,trimmed_softmax_logreg,5,0.5736000000000001,0.04938663786896208,0.5939042443909754,0.015212151762046273
trec_qc,128,0.3,class_conditional,linear_svm_hinge,5,0.5167999999999999,0.08190335768452962,0.46387210926639033,0.053516403679701896
trec_qc,128,0.3,class_conditional,multinomial_nb,5,0.48119999999999996,0.08006597279743748,0.4577869366117497,0.047747638861632656
trec_qc,128,0.3,class_conditional,softmax_logreg,5,0.5188,0.04614065452504982,0.5103747038320263,0.029720658064524237
trec_qc,128,0.3,class_conditional,trimmed_softmax_logreg,5,0.47240000000000004,0.047030203061437036,0.46126520075176886,0.051179298494240404
trec_qc,128,0.3,symmetric,linear_svm_hinge,5,0.47519999999999996,0.07158323826148129,0.4299896507376942,0.07575467725352548
trec_qc,128,0.3,symmetric,multinomial_nb,5,0.5296000000000001,0.1010140584275278,0.49635058641565777,0.08655115867386
trec_qc,128,0.3,symmetric,softmax_logreg,5,0.626,0.05891010100144118,0.5990423900813002,0.05611736755530872
trec_qc,128,0.3,symmetric,trimmed_softmax_logreg,5,0.5651999999999999,0.07460402133933532,0.5587165138663673,0.05817799340836406
