dataset,budget_per_class,noise_rate,noise_type,method,delta_accuracy_vs_clean,delta_macro_f1_vs_clean,macro_f1_slope_per_noise_rate
ag_news,8,0.05,class_conditional,linear_svm_hinge,-0.028750000000000053,-0.04014347379936484,-0.8028694759872967
ag_news,8,0.05,class_conditional,multinomial_nb,-0.014249999999999763,-0.01791588798911181,-0.35831775978223623
ag_news,8,0.05,class_conditional,softmax_logreg,-0.027249999999999996,-0.03430514155519426,-0.6861028311038853
ag_news,8,0.05,class_conditional,trimmed_softmax_logreg,-0.03200000000000003,-0.06391112979091773,-1.2782225958183546
ag_news,8,0.05,symmetric,linear_svm_hinge,-0.037750000000000006,-0.044983014015078204,-0.8996602803015641
ag_news,8,0.05,symmetric,multinomial_nb,-0.025499999999999856,-0.031248625419758314,-0.6249725083951663
ag_news,8,0.05,symmetric,softmax_logreg,-0.04250000000000004,-0.054020723037639495,-1.08041446075279
ag_news,8,0.05,symmetric,trimmed_softmax_logreg,-0.06375000000000003,-0.10251811660346433,-2.0503623320692865
ag_news,8,0.1,class_conditional,linear_svm_hinge,-0.034250000000000114,-0.043519430224783384,-0.43519430224783384
ag_news,8,0.1,class_conditional,multinomial_nb,-0.03549999999999981,-0.039850903834187545,-0.39850903834187545
ag_news,8,0.1,class_conditional,softmax_logreg,-0.05224999999999996,-0.06318582252729094,-0.6318582252729094
ag_news,8,0.1,class_conditional,trimmed_softmax_logreg,-0.07474999999999998,-0.11739381909026858,-1.1739381909026858
ag_news,8,0.1,symmetric,linear_svm_hinge,-0.07950000000000007,-0.10799656041943773,-1.0799656041943773
ag_news,8,0.1,symmetric,multinomial_nb,-0.07899999999999985,-0.10411729625521943,-1.0411729625521942
ag_news,8,0.1,symmetric,softmax_logreg,-0.09149999999999997,-0.13070697204639792,-1.3070697204639792
ag_news,8,0.1,symmetric,trimmed_softmax_logreg,-0.065,-0.10635390652823862,-1.0635390652823862
ag_news,8,0.2,class_conditional,linear_svm_hinge,-0.0695,-0.07974482565045898,-0.3987241282522949
ag_news,8,0.2,class_conditional,multinomial_nb,-0.08099999999999985,-0.09185667976765,-0.45928339883825
ag_news,8,0.2,class_conditional,softmax_logreg,-0.09425,-0.1167770621829819,-0.5838853109149095
ag_news,8,0.2,class_conditional,trimmed_softmax_logreg,-0.07124999999999998,-0.11162049479540881,-0.558102473977044
ag_news,8,0.2,symmetric,linear_svm_hinge,-0.10800000000000004,-0.14161850675313054,-0.7080925337656526
ag_news,8,0.2,symmetric,multinomial_nb,-0.12149999999999989,-0.14824561511280165,-0.7412280755640083
ag_news,8,0.2,symmetric,softmax_logreg,-0.1275,-0.17166642894672013,-0.8583321447336006
ag_news,8,0.2,symmetric,trimmed_softmax_logreg,-0.10500000000000004,-0.15478688239319632,-0.7739344119659816
ag_news,8,0.3,class_conditional,linear_svm_hinge,-0.1140000000000001,-0.12651667036907638,-0.4217222345635879
ag_news,8,0.3,class_conditional,multinomial_nb,-0.1332499999999998,-0.1521083332070804,-0.5070277773569347
ag_news,8,0.3,class_conditional,softmax_logreg,-0.15025000000000005,-0.1835485353452327,-0.6118284511507757
ag_news,8,0.3,class_conditional,trimmed_softmax_logreg,-0.129,-0.17494425717304216,-0.5831475239101406
ag_news,8,0.3,symmetric,linear_svm_hinge,-0.14350000000000007,-0.19600367101455551,-0.6533455700485185
ag_news,8,0.3,symmetric,multinomial_nb,-0.14574999999999988,-0.1889575628153169,-0.629858542717723
ag_news,8,0.3,symmetric,softmax_logreg,-0.15449999999999997,-0.21788375869944465,-0.7262791956648156
ag_news,8,0.3,symmetric,trimmed_softmax_logreg,-0.13,-0.20011872064700925,-0.6670624021566975
ag_news,16,0.05,class_conditional,linear_svm_hinge,-0.015249999999999875,-0.014131214007169879,-0.2826242801433976
ag_news,16,0.05,class_conditional,multinomial_nb,-0.029750000000000054,-0.031215322661717115,-0.6243064532343423
ag_news,16,0.05,class_conditional,softmax_logreg,-0.041999999999999815,-0.04421468086310543,-0.8842936172621085
ag_news,16,0.05,class_conditional,trimmed_softmax_logreg,-0.10775000000000007,-0.15528384884259994,-3.1056769768519987
ag_news,16,0.05,symmetric,linear_svm_hinge,-0.019999999999999907,-0.026799016144450127,-0.5359803228890025
ag_news,16,0.05,symmetric,multinomial_nb,-0.01749999999999985,-0.020155073795762535,-0.4031014759152507
ag_news,16,0.05,symmetric,softmax_logreg,-0.023499999999999854,-0.027276677894468526,-0.5455335578893705
ag_news,16,0.05,symmetric,trimmed_softmax_logreg,-0.07150000000000001,-0.10490195098845212,-2.0980390197690424
ag_news,16,0.1,class_conditional,linear_svm_hinge,-0.03574999999999984,-0.0409772030337735,-0.409772030337735
ag_news,16,0.1,class_conditional,multinomial_nb,-0.0442499999999999,-0.04575812932954115,-0.45758129329541153
ag_news,16,0.1,class_conditional,softmax_logreg,-0.05049999999999988,-0.05447423226754988,-0.5447423226754988
ag_news,16,0.1,class_conditional,trimmed_softmax_logreg,-0.11625000000000008,-0.1548954711300351,-1.548954711300351
ag_news,16,0.1,symmetric,linear_svm_hinge,-0.06024999999999986,-0.0746662895069875,-0.746662895069875
ag_news,16,0.1,symmetric,multinomial_nb,-0.06825000000000003,-0.07342819887343377,-0.7342819887343377
ag_news,16,0.1,symmetric,softmax_logreg,-0.08250000000000002,-0.09724685533580008,-0.9724685533580008
ag_news,16,0.1,symmetric,trimmed_softmax_logreg,-0.13650000000000007,-0.19687513184776628,-1.9687513184776628
ag_news,16,0.2,class_conditional,linear_svm_hinge,-0.1002499999999999,-0.11545207727453166,-0.5772603863726583
ag_news,16,0.2,class_conditional,multinomial_nb,-0.08225000000000005,-0.08770501565946387,-0.43852507829731935
ag_news,16,0.2,class_conditional,softmax_logreg,-0.10724999999999996,-0.12219041354491217,-0.6109520677245608
ag_news,16,0.2,class_conditional,trimmed_softmax_logreg,-0.14625000000000005,-0.20768965526760402,-1.03844827633802
ag_news,16,0.2,symmetric,linear_svm_hinge,-0.10649999999999993,-0.12987909124179375,-0.6493954562089688
ag_news,16,0.2,symmetric,multinomial_nb,-0.1087499999999999,-0.11755544079880148,-0.5877772039940073
ag_news,16,0.2,symmetric,softmax_logreg,-0.13249999999999995,-0.16212373299658378,-0.8106186649829189
ag_news,16,0.2,symmetric,trimmed_softmax_logreg,-0.14400000000000002,-0.21213885459045645,-1.0606942729522821
ag_news,16,0.3,class_conditional,linear_svm_hinge,-0.1324999999999999,-0.1469834364427811,-0.4899447881426037
ag_news,16,0.3,class_conditional,multinomial_nb,-0.14275000000000004,-0.15026801394874728,-0.5008933798291576
ag_news,16,0.3,class_conditional,softmax_logreg,-0.1597499999999999,-0.17967510078490723,-0.5989170026163575
ag_news,16,0.3,class_conditional,trimmed_softmax_logreg,-0.176,-0.2421367620829562,-0.8071225402765208
ag_news,16,0.3,symmetric,linear_svm_hinge,-0.1484999999999999,-0.17427773419585874,-0.5809257806528625
ag_news,16,0.3,symmetric,multinomial_nb,-0.14075,-0.15074007544270868,-0.5024669181423623
ag_news,16,0.3,symmetric,softmax_logreg,-0.1519999999999999,-0.17463035616322292,-0.5821011872107431
ag_news,16,0.3,symmetric,trimmed_softmax_logreg,-0.16350000000000003,-0.2231350090695578,-0.7437833635651927
ag_news,64,0.05,class_conditional,linear_svm_hinge,-0.005749999999999922,-0.0037700213696099105,-0.07540042739219821
ag_news,64,0.05,class_conditional,multinomial_nb,-0.011750000000000038,-0.012164458431405567,-0.24328916862811134
ag_news,64,0.05,class_conditional,softmax_logreg,-0.014999999999999791,-0.016860168016206156,-0.3372033603241231
ag_news,64,0.05,class_conditional,trimmed_softmax_logreg,-0.08350000000000002,-0.117473783913842,-2.34947567827684
ag_news,64,0.05,symmetric,linear_svm_hinge,-0.041749999999999954,-0.04534550561345185,-0.9069101122690371
ag_news,64,0.05,symmetric,multinomial_nb,-0.011249999999999982,-0.01126504439351983,-0.2253008878703966
ag_news,64,0.05,symmetric,softmax_logreg,-0.02024999999999988,-0.02207678537204738,-0.4415357074409476
ag_news,64,0.05,symmetric,trimmed_softmax_logreg,-0.07799999999999996,-0.09955945801500243,-1.9911891603000487
ag_news,64,0.1,class_conditional,linear_svm_hinge,-0.05699999999999994,-0.05891370247610683,-0.5891370247610683
ag_news,64,0.1,class_conditional,multinomial_nb,-0.03249999999999997,-0.0338452926587971,-0.338452926587971
ag_news,64,0.1,class_conditional,softmax_logreg,-0.039249999999999896,-0.04263376099390204,-0.42633760993902037
ag_news,64,0.1,class_conditional,trimmed_softmax_logreg,-0.121,-0.1572826071648411,-1.572826071648411
ag_news,64,0.1,symmetric,linear_svm_hinge,-0.03049999999999997,-0.027897399426549008,-0.2789739942654901
ag_news,64,0.1,symmetric,multinomial_nb,-0.03374999999999995,-0.03393535148900195,-0.3393535148900195
ag_news,64,0.1,symmetric,softmax_logreg,-0.04124999999999979,-0.04344416080973401,-0.4344416080973401
ag_news,64,0.1,symmetric,trimmed_softmax_logreg,-0.11375000000000002,-0.1508944451249179,-1.508944451249179
ag_news,64,0.2,class_conditional,linear_svm_hinge,-0.057499999999999996,-0.06022412581696435,-0.30112062908482173
ag_news,64,0.2,class_conditional,multinomial_nb,-0.07399999999999995,-0.07583592894035629,-0.37917964470178145
ag_news,64,0.2,class_conditional,softmax_logreg,-0.07999999999999985,-0.08666703857198577,-0.43333519285992883
ag_news,64,0.2,class_conditional,trimmed_softmax_logreg,-0.12750000000000006,-0.175734856870158,-0.87867428435079
ag_news,64,0.2,symmetric,linear_svm_hinge,-0.09049999999999991,-0.09090490586761013,-0.45452452933805065
ag_news,64,0.2,symmetric,multinomial_nb,-0.08624999999999994,-0.08608992441109053,-0.4304496220554527
ag_news,64,0.2,symmetric,softmax_logreg,-0.09999999999999998,-0.1055946191254512,-0.527973095627256
ag_news,64,0.2,symmetric,trimmed_softmax_logreg,-0.20249999999999996,-0.2691334922534005,-1.3456674612670023
ag_news,64,0.3,class_conditional,linear_svm_hinge,-0.14974999999999994,-0.15586020500621656,-0.5195340166873885
ag_news,64,0.3,class_conditional,multinomial_nb,-0.13174999999999992,-0.13502045086880088,-0.4500681695626696
ag_news,64,0.3,class_conditional,softmax_logreg,-0.13849999999999985,-0.15010329801360622,-0.5003443267120208
ag_news,64,0.3,class_conditional,trimmed_softmax_logreg,-0.1995,-0.28255794811228085,-0.9418598270409362
ag_news,64,0.3,symmetric,linear_svm_hinge,-0.19224999999999998,-0.22514585564976347,-0.7504861854992116
ag_news,64,0.3,symmetric,multinomial_nb,-0.14,-0.13871911923314373,-0.4623970641104791
ag_news,64,0.3,symmetric,softmax_logreg,-0.15124999999999988,-0.15327092194501202,-0.5109030731500401
ag_news,64,0.3,symmetric,trimmed_softmax_logreg,-0.22824999999999995,-0.28997112135541264,-0.9665704045180422
ag_news,128,0.05,class_conditional,linear_svm_hinge,-0.05449999999999999,-0.0671056345811587,-1.342112691623174
ag_news,128,0.05,class_conditional,multinomial_nb,-0.009750000000000036,-0.009903068150212357,-0.19806136300424715
ag_news,128,0.05,class_conditional,softmax_logreg,-0.00824999999999998,-0.008582681260766556,-0.17165362521533112
ag_news,128,0.05,class_conditional,trimmed_softmax_logreg,-0.027249999999999996,-0.04358718768689562,-0.8717437537379125
ag_news,128,0.05,symmetric,linear_svm_hinge,-0.04400000000000004,-0.05112570304969988,-1.0225140609939976
ag_news,128,0.05,symmetric,multinomial_nb,-0.010500000000000065,-0.010703688630750663,-0.21407377261501326
ag_news,128,0.05,symmetric,softmax_logreg,-0.011749999999999927,-0.012471647269577502,-0.24943294539155003
ag_news,128,0.05,symmetric,trimmed_softmax_logreg,-0.030999999999999917,-0.03861271917906872,-0.7722543835813744
ag_news,128,0.1,class_conditional,linear_svm_hinge,-0.028750000000000053,-0.03328294784065877,-0.3328294784065877
ag_news,128,0.1,class_conditional,multinomial_nb,-0.018000000000000127,-0.01846772115061235,-0.18467721150612348
ag_news,128,0.1,class_conditional,softmax_logreg,-0.03125000000000011,-0.03289070739216193,-0.32890707392161933
ag_news,128,0.1,class_conditional,trimmed_softmax_logreg,-0.10924999999999996,-0.14093387113136802,-1.4093387113136802
ag_news,128,0.1,symmetric,linear_svm_hinge,-0.059250000000000025,-0.06047169022075505,-0.6047169022075505
ag_news,128,0.1,symmetric,multinomial_nb,-0.017750000000000044,-0.018002334014916133,-0.18002334014916133
ag_news,128,0.1,symmetric,softmax_logreg,-0.025499999999999967,-0.0262700147938133,-0.262700147938133
ag_news,128,0.1,symmetric,trimmed_softmax_logreg,-0.056499999999999995,-0.09012021846101614,-0.9012021846101614
ag_news,128,0.2,class_conditional,linear_svm_hinge,-0.09850000000000003,-0.11540147731107853,-0.5770073865553926
ag_news,128,0.2,class_conditional,multinomial_nb,-0.06925000000000003,-0.07052822399239433,-0.35264111996197167
ag_news,128,0.2,class_conditional,softmax_logreg,-0.07250000000000012,-0.07804452318020594,-0.3902226159010297
ag_news,128,0.2,class_conditional,trimmed_softmax_logreg,-0.11874999999999991,-0.17617921852293794,-0.8808960926146897
ag_news,128,0.2,symmetric,linear_svm_hinge,-0.09924999999999995,-0.11899365091644332,-0.5949682545822166
ag_news,128,0.2,symmetric,multinomial_nb,-0.05449999999999999,-0.054778713903557597,-0.273893569517788
ag_news,128,0.2,symmetric,softmax_logreg,-0.06425000000000003,-0.06961666866798344,-0.3480833433399172
ag_news,128,0.2,symmetric,trimmed_softmax_logreg,-0.13224999999999998,-0.1850148391505414,-0.925074195752707
ag_news,128,0.3,class_conditional,linear_svm_hinge,-0.16674999999999995,-0.17539184001574737,-0.5846394667191579
ag_news,128,0.3,class_conditional,multinomial_nb,-0.13550000000000006,-0.13803854027269025,-0.4601284675756342
ag_news,128,0.3,class_conditional,softmax_logreg,-0.14775000000000005,-0.15443360982988386,-0.5147786994329462
ag_news,128,0.3,class_conditional,trimmed_softmax_logreg,-0.22075,-0.2965057395056411,-0.9883524650188036
ag_news,128,0.3,symmetric,linear_svm_hinge,-0.16300000000000003,-0.17701657530667136,-0.5900552510222379
ag_news,128,0.3,symmetric,multinomial_nb,-0.09350000000000003,-0.09411301667372562,-0.31371005557908543
ag_news,128,0.3,symmetric,softmax_logreg,-0.12224999999999997,-0.12947460506390607,-0.4315820168796869
ag_news,128,0.3,symmetric,trimmed_softmax_logreg,-0.16300000000000003,-0.2345181350594021,-0.7817271168646738
dbpedia_14,8,0.05,class_conditional,linear_svm_hinge,-0.026285714285714246,-0.03328997272663725,-0.665799454532745
dbpedia_14,8,0.05,class_conditional,multinomial_nb,-0.035285714285714476,-0.03783141445879046,-0.7566282891758092
dbpedia_14,8,0.05,class_conditional,softmax_logreg,-0.05678571428571433,-0.06036656927602857,-1.2073313855205714
dbpedia_14,8,0.05,class_conditional,trimmed_softmax_logreg,-0.05049999999999999,-0.05027733169267501,-1.0055466338535002
dbpedia_14,8,0.05,symmetric,linear_svm_hinge,0.005499999999999949,0.006918492057319425,0.1383698411463885
dbpedia_14,8,0.05,symmetric,multinomial_nb,-0.04014285714285726,-0.04214634341720214,-0.8429268683440427
dbpedia_14,8,0.05,symmetric,softmax_logreg,-0.05400000000000005,-0.05968217432760381,-1.1936434865520762
dbpedia_14,8,0.05,symmetric,trimmed_softmax_logreg,-0.062071428571428555,-0.07881108479193089,-1.5762216958386177
dbpedia_14,8,0.1,class_conditional,linear_svm_hinge,-0.02828571428571436,-0.03672284169568607,-0.3672284169568607
dbpedia_14,8,0.1,class_conditional,multinomial_nb,-0.08714285714285719,-0.09278764764146008,-0.9278764764146008
dbpedia_14,8,0.1,class_conditional,softmax_logreg,-0.12135714285714305,-0.13307362404999112,-1.3307362404999112
dbpedia_14,8,0.1,class_conditional,trimmed_softmax_logreg,-0.10628571428571432,-0.1257815079456639,-1.257815079456639
dbpedia_14,8,0.1,symmetric,linear_svm_hinge,-0.04792857142857143,-0.048425229463639696,-0.48425229463639696
dbpedia_14,8,0.1,symmetric,multinomial_nb,-0.12257142857142866,-0.1357778790879005,-1.357778790879005
dbpedia_14,8,0.1,symmetric,softmax_logreg,-0.17278571428571443,-0.1890166310805257,-1.8901663108052569
dbpedia_14,8,0.1,symmetric,trimmed_softmax_logreg,-0.12335714285714294,-0.13374849717049409,-1.3374849717049409
dbpedia_14,8,0.2,class_conditional,linear_svm_hinge,-0.09907142857142859,-0.11458536304121891,-0.5729268152060946
dbpedia_14,8,0.2,class_conditional,multinomial_nb,-0.1625714285714287,-0.17487654546753761,-0.8743827273376881
dbpedia_14,8,0.2,class_conditional,softmax_logreg,-0.20950000000000013,-0.2278492597195495,-1.1392462985977474
dbpedia_14,8,0.2,class_conditional,trimmed_softmax_logreg,-0.15792857142857153,-0.17685923695549305,-0.8842961847774652
dbpedia_14,8,0.2,symmetric,linear_svm_hinge,-0.13814285714285723,-0.16815239746353217,-0.8407619873176608
dbpedia_14,8,0.2,symmetric,multinomial_nb,-0.17857142857142871,-0.19494575032959072,-0.9747287516479536
dbpedia_14,8,0.2,symmetric,softmax_logreg,-0.2320000000000002,-0.25830791664417196,-1.2915395832208598
dbpedia_14,8,0.2,symmetric,trimmed_softmax_logreg,-0.16878571428571426,-0.18500433016846385,-0.9250216508423192
dbpedia_14,8,0.3,class_conditional,linear_svm_hinge,-0.14335714285714285,-0.16420466962093283,-0.5473488987364428
dbpedia_14,8,0.3,class_conditional,multinomial_nb,-0.2259285714285716,-0.24668682933261832,-0.8222894311087278
dbpedia_14,8,0.3,class_conditional,softmax_logreg,-0.2737857142857143,-0.3048065556405181,-1.0160218521350604
dbpedia_14,8,0.3,class_conditional,trimmed_softmax_logreg,-0.1988571428571429,-0.21535912122494105,-0.7178637374164702
dbpedia_14,8,0.3,symmetric,linear_svm_hinge,-0.13242857142857145,-0.13251892345301608,-0.44172974484338695
dbpedia_14,8,0.3,symmetric,multinomial_nb,-0.22664285714285726,-0.2524785482482427,-0.8415951608274757
dbpedia_14,8,0.3,symmetric,softmax_logreg,-0.29514285714285715,-0.3265828707879161,-1.0886095692930537
dbpedia_14,8,0.3,symmetric,trimmed_softmax_logreg,-0.20942857142857146,-0.2300427292737084,-0.766809097579028
dbpedia_14,16,0.05,class_conditional,linear_svm_hinge,-0.030928571428571416,-0.03744521193252992,-0.7489042386505984
dbpedia_14,16,0.05,class_conditional,multinomial_nb,-0.027928571428571303,-0.028490277817965315,-0.5698055563593063
dbpedia_14,16,0.05,class_conditional,softmax_logreg,-0.06657142857142861,-0.07221577113673339,-1.4443154227346677
dbpedia_14,16,0.05,class_conditional,trimmed_softmax_logreg,-0.03207142857142864,-0.03208733054925772,-0.6417466109851544
dbpedia_14,16,0.05,symmetric,linear_svm_hinge,0.007499999999999951,0.023005308702608973,0.46010617405217946
dbpedia_14,16,0.05,symmetric,multinomial_nb,-0.013500000000000179,-0.012812010157055576,-0.2562402031411115
dbpedia_14,16,0.05,symmetric,softmax_logreg,-0.039000000000000035,-0.03641634434580343,-0.7283268869160686
dbpedia_14,16,0.05,symmetric,trimmed_softmax_logreg,-0.01007142857142862,0.002716893789032282,0.05433787578064564
dbpedia_14,16,0.1,class_conditional,linear_svm_hinge,-0.06707142857142856,-0.08243021266762862,-0.8243021266762862
dbpedia_14,16,0.1,class_conditional,multinomial_nb,-0.07421428571428568,-0.08025334000276041,-0.8025334000276041
dbpedia_14,16,0.1,class_conditional,softmax_logreg,-0.14714285714285713,-0.16588999497267087,-1.6588999497267087
dbpedia_14,16,0.1,class_conditional,trimmed_softmax_logreg,-0.06992857142857156,-0.0849053221996523,-0.849053221996523
dbpedia_14,16,0.1,symmetric,linear_svm_hinge,-0.06771428571428573,-0.08362466228360521,-0.8362466228360521
dbpedia_14,16,0.1,symmetric,multinomial_nb,-0.04057142857142848,-0.04309341182039106,-0.4309341182039106
dbpedia_14,16,0.1,symmetric,softmax_logreg,-0.08692857142857147,-0.09566851832904377,-0.9566851832904377
dbpedia_14,16,0.1,symmetric,trimmed_softmax_logreg,-0.032357142857143084,-0.035350448429161796,-0.35350448429161796
dbpedia_14,16,0.2,class_conditional,linear_svm_hinge,-0.11149999999999993,-0.12874349085275605,-0.6437174542637802
dbpedia_14,16,0.2,class_conditional,multinomial_nb,-0.13514285714285712,-0.1487592496309459,-0.7437962481547294
dbpedia_14,16,0.2,class_conditional,softmax_logreg,-0.21192857142857136,-0.24425813959113551,-1.2212906979556775
dbpedia_14,16,0.2,class_conditional,trimmed_softmax_logreg,-0.11428571428571432,-0.1442543448848439,-0.7212717244242195
dbpedia_14,16,0.2,symmetric,linear_svm_hinge,-0.09814285714285709,-0.09736826257937192,-0.4868413128968596
dbpedia_14,16,0.2,symmetric,multinomial_nb,-0.08428571428571419,-0.09263310405109326,-0.4631655202554663
dbpedia_14,16,0.2,symmetric,softmax_logreg,-0.1755714285714285,-0.18749321666998275,-0.9374660833499138
dbpedia_14,16,0.2,symmetric,trimmed_softmax_logreg,-0.0990000000000002,-0.10320547620752785,-0.5160273810376392
dbpedia_14,16,0.3,class_conditional,linear_svm_hinge,-0.14949999999999997,-0.1688421796229349,-0.5628072654097831
dbpedia_14,16,0.3,class_conditional,multinomial_nb,-0.2015714285714285,-0.21982933605933097,-0.7327644535311033
dbpedia_14,16,0.3,class_conditional,softmax_logreg,-0.25142857142857133,-0.2837158161052825,-0.9457193870176084
dbpedia_14,16,0.3,class_conditional,trimmed_softmax_logreg,-0.1397142857142858,-0.15844690838095915,-0.5281563612698639
dbpedia_14,16,0.3,symmetric,linear_svm_hinge,-0.14721428571428552,-0.1385349046780987,-0.46178301559366236
dbpedia_14,16,0.3,symmetric,multinomial_nb,-0.13421428571428573,-0.14093719534966342,-0.46979065116554475
dbpedia_14,16,0.3,symmetric,softmax_logreg,-0.19635714285714279,-0.2159406698816264,-0.7198022329387548
dbpedia_14,16,0.3,symmetric,trimmed_softmax_logreg,-0.13521428571428584,-0.15778618918425497,-0.5259539639475166
dbpedia_14,64,0.05,class_conditional,linear_svm_hinge,-0.00021428571428583343,-0.0005901701746372501,-0.011803403492745002
dbpedia_14,64,0.05,class_conditional,multinomial_nb,-0.0119999999999999,-0.012579249669657622,-0.25158499339315243
dbpedia_14,64,0.05,class_conditional,softmax_logreg,-0.02114285714285713,-0.023108789336753977,-0.46217578673507953
dbpedia_14,64,0.05,class_conditional,trimmed_softmax_logreg,-0.0005714285714285561,0.010147232263419736,0.20294464526839473
dbpedia_14,64,0.05,symmetric,linear_svm_hinge,0.0039999999999998925,-0.001825203116120555,-0.0365040623224111
dbpedia_14,64,0.05,symmetric,multinomial_nb,-0.005928571428571394,-0.005965334913587861,-0.11930669827175722
dbpedia_14,64,0.05,symmetric,softmax_logreg,-0.011285714285714343,-0.011977727209571354,-0.23955454419142708
dbpedia_14,64,0.05,symmetric,trimmed_softmax_logreg,0.028000000000000025,0.04100345761194113,0.8200691522388226
dbpedia_14,64,0.1,class_conditional,linear_svm_hinge,-0.008785714285714286,-0.011391400312412037,-0.11391400312412037
dbpedia_14,64,0.1,class_conditional,multinomial_nb,-0.02307142857142852,-0.024071423560356076,-0.24071423560356076
dbpedia_14,64,0.1,class_conditional,softmax_logreg,-0.038142857142857145,-0.04229055295963491,-0.4229055295963491
dbpedia_14,64,0.1,class_conditional,trimmed_softmax_logreg,-0.025499999999999967,-0.017392090458971166,-0.17392090458971166
dbpedia_14,64,0.1,symmetric,linear_svm_hinge,-0.010142857142857231,-0.0182261315532819,-0.182261315532819
dbpedia_14,64,0.1,symmetric,multinomial_nb,-0.013214285714285623,-0.013479141216469315,-0.13479141216469315
dbpedia_14,64,0.1,symmetric,softmax_logreg,-0.03742857142857159,-0.03786054806613459,-0.3786054806613459
dbpedia_14,64,0.1,symmetric,trimmed_softmax_logreg,0.004785714285714282,0.03067181736987412,0.3067181736987412
dbpedia_14,64,0.2,class_conditional,linear_svm_hinge,-0.02207142857142863,-0.022477373300354708,-0.11238686650177354
dbpedia_14,64,0.2,class_conditional,multinomial_nb,-0.06499999999999984,-0.06771476851049152,-0.3385738425524576
dbpedia_14,64,0.2,class_conditional,softmax_logreg,-0.08850000000000002,-0.09682435919049193,-0.48412179595245963
dbpedia_14,64,0.2,class_conditional,trimmed_softmax_logreg,-0.09078571428571436,-0.09777397740253813,-0.48886988701269063
dbpedia_14,64,0.2,symmetric,linear_svm_hinge,-0.026357142857142857,-0.029610711005387258,-0.1480535550269363
dbpedia_14,64,0.2,symmetric,multinomial_nb,-0.03235714285714286,-0.03319385618726256,-0.1659692809363128
dbpedia_14,64,0.2,symmetric,softmax_logreg,-0.07828571428571429,-0.08338584446016062,-0.4169292223008031
dbpedia_14,64,0.2,symmetric,trimmed_softmax_logreg,-0.05521428571428566,-0.04809795522808513,-0.24048977614042566
dbpedia_14,64,0.3,class_conditional,linear_svm_hinge,-0.06457142857142861,-0.06790454135649848,-0.2263484711883283
dbpedia_14,64,0.3,class_conditional,multinomial_nb,-0.14214285714285702,-0.14798805403700044,-0.49329351345666816
dbpedia_14,64,0.3,class_conditional,softmax_logreg,-0.16707142857142854,-0.18985210060249724,-0.6328403353416575
dbpedia_14,64,0.3,class_conditional,trimmed_softmax_logreg,-0.13235714285714284,-0.14784168451186463,-0.4928056150395488
dbpedia_14,64,0.3,symmetric,linear_svm_hinge,-0.1090000000000001,-0.1278567434212361,-0.4261891447374537
dbpedia_14,64,0.3,symmetric,multinomial_nb,-0.05185714285714271,-0.05319707570172483,-0.1773235856724161
dbpedia_14,64,0.3,symmetric,softmax_logreg,-0.10278571428571426,-0.10207748609128209,-0.3402582869709403
dbpedia_14,64,0.3,symmetric,trimmed_softmax_logreg,-0.08864285714285713,-0.09018098089669002,-0.30060326965563344
dbpedia_14,128,0.05,class_conditional,linear_svm_hinge,-0.011142857142857232,-0.012440513162768174,-0.24881026325536348
dbpedia_14,128,0.05,class_conditional,multinomial_nb,-0.008071428571428396,-0.008228688676383489,-0.16457377352766978
dbpedia_14,128,0.05,class_conditional,softmax_logreg,-0.009999999999999787,-0.011018268611695525,-0.2203653722339105
dbpedia_14,128,0.05,class_conditional,trimmed_softmax_logreg,0.004571428571428671,0.015177126822587095,0.3035425364517419
dbpedia_14,128,0.05,symmetric,linear_svm_hinge,-0.008642857142857174,-0.009008503122170386,-0.18017006244340772
dbpedia_14,128,0.05,symmetric,multinomial_nb,-0.006857142857142784,-0.006941067528866363,-0.13882135057732725
dbpedia_14,128,0.05,symmetric,softmax_logreg,-0.009071428571428397,-0.009016513033969553,-0.18033026067939106
dbpedia_14,128,0.05,symmetric,trimmed_softmax_logreg,0.02735714285714297,0.04366003715292588,0.8732007430585176
dbpedia_14,128,0.1,class_conditional,linear_svm_hinge,-0.026357142857142746,-0.031430825899667836,-0.31430825899667836
dbpedia_14,128,0.1,class_conditional,multinomial_nb,-0.018214285714285627,-0.01860263483808633,-0.1860263483808633
dbpedia_14,128,0.1,class_conditional,softmax_logreg,-0.03414285714285703,-0.036719711962802104,-0.36719711962802104
dbpedia_14,128,0.1,class_conditional,trimmed_softmax_logreg,-0.019499999999999962,-0.018149730823755483,-0.18149730823755483
dbpedia_14,128,0.1,symmetric,linear_svm_hinge,-0.010142857142857009,-0.011180541407201594,-0.11180541407201594
dbpedia_14,128,0.1,symmetric,multinomial_nb,-0.00835714285714284,-0.008515724738402675,-0.08515724738402675
dbpedia_14,128,0.1,symmetric,softmax_logreg,-0.01378571428571429,-0.013431372465159463,-0.13431372465159463
dbpedia_14,128,0.1,symmetric,trimmed_softmax_logreg,0.03192857142857153,0.050518347921951534,0.5051834792195153
dbpedia_14,128,0.2,class_conditional,linear_svm_hinge,-0.03885714285714281,-0.044182924499933995,-0.22091462249966998
dbpedia_14,128,0.2,class_conditional,multinomial_nb,-0.054928571428571216,-0.05700412106721031,-0.28502060533605156
dbpedia_14,128,0.2,class_conditional,softmax_logreg,-0.0794285714285714,-0.0946572209445663,-0.4732861047228315
dbpedia_14,128,0.2,class_conditional,trimmed_softmax_logreg,-0.06078571428571433,-0.06078625676325766,-0.3039312838162883
dbpedia_14,128,0.2,symmetric,linear_svm_hinge,-0.04749999999999999,-0.05425709434288828,-0.2712854717144414
dbpedia_14,128,0.2,symmetric,multinomial_nb,-0.02035714285714274,-0.020880557559205926,-0.10440278779602963
dbpedia_14,128,0.2,symmetric,softmax_logreg,-0.038285714285714256,-0.04190377406894563,-0.20951887034472816
dbpedia_14,128,0.2,symmetric,trimmed_softmax_logreg,0.03750000000000009,0.050528686604457196,0.252643433022286
dbpedia_14,128,0.3,class_conditional,linear_svm_hinge,-0.07892857142857135,-0.08948273343590663,-0.29827577811968875
dbpedia_14,128,0.3,class_conditional,multinomial_nb,-0.1252142857142856,-0.13013785053298255,-0.4337928351099418
dbpedia_14,128,0.3,class_conditional,softmax_logreg,-0.11978571428571416,-0.14399078765908857,-0.47996929219696194
dbpedia_14,128,0.3,class_conditional,trimmed_softmax_logreg,-0.09007142857142847,-0.10811994240748712,-0.3603998080249571
dbpedia_14,128,0.3,symmetric,linear_svm_hinge,-0.0932857142857142,-0.10303222114860999,-0.3434407371620333
dbpedia_14,128,0.3,symmetric,multinomial_nb,-0.03128571428571403,-0.03184710225683063,-0.10615700752276877
dbpedia_14,128,0.3,symmetric,softmax_logreg,-0.06364285714285711,-0.06836790608245202,-0.2278930202748401
dbpedia_14,128,0.3,symmetric,trimmed_softmax_logreg,-0.013428571428571345,-0.0084503608549521,-0.028167869516507
trec_qc,8,0.05,class_conditional,linear_svm_hinge,-0.029600000000000015,-0.014266602153706176,-0.2853320430741235
trec_qc,8,0.05,class_conditional,multinomial_nb,-0.061600000000000044,-0.04131578266623448,-0.8263156533246896
trec_qc,8,0.05,class_conditional,softmax_logreg,-0.016800000000000037,-0.007791484092186884,-0.1558296818437377
trec_qc,8,0.05,class_conditional,trimmed_softmax_logreg,-0.023599999999999954,-0.020016138079289703,-0.40032276158579405
trec_qc,8,0.05,symmetric,linear_svm_hinge,-0.041200000000000014,-0.027269547017631457,-0.5453909403526291
trec_qc,8,0.05,symmetric,multinomial_nb,-0.042800000000000005,-0.04073161010407761,-0.8146322020815522
trec_qc,8,0.05,symmetric,softmax_logreg,-0.04240000000000005,-0.03541060404116114,-0.7082120808232228
trec_qc,8,0.05,symmetric,trimmed_softmax_logreg,-0.0388,-0.03144196643383379,-0.6288393286766758
trec_qc,8,0.1,class_conditional,linear_svm_hinge,-0.0756,-0.04302407780650375,-0.43024077806503747
trec_qc,8,0.1,class_conditional,multinomial_nb,-0.10240000000000005,-0.07123925482946275,-0.7123925482946275
trec_qc,8,0.1,class_conditional,softmax_logreg,-0.0500000000000001,-0.02931764122529673,-0.2931764122529673
trec_qc,8,0.1,class_conditional,trimmed_softmax_logreg,-0.09800000000000003,-0.07781532791644752,-0.7781532791644752
trec_qc,8,0.1,symmetric,linear_svm_hinge,-0.05840000000000006,-0.044064758395947534,-0.44064758395947534
trec_qc,8,0.1,symmetric,multinomial_nb,-0.041200000000000125,-0.04131901362217211,-0.41319013622172107
trec_qc,8,0.1,symmetric,softmax_logreg,-0.05280000000000007,-0.05156358376077386,-0.5156358376077386
trec_qc,8,0.1,symmetric,trimmed_softmax_logreg,0.0008000000000000229,-0.04194485042346169,-0.4194485042346169
trec_qc,8,0.2,class_conditional,linear_svm_hinge,-0.0932,-0.062331594897872544,-0.3116579744893627
trec_qc,8,0.2,class_conditional,multinomial_nb,-0.11600000000000005,-0.09808747269052875,-0.49043736345264377
trec_qc,8,0.2,class_conditional,softmax_logreg,-0.07160000000000005,-0.05958636346080387,-0.29793181730401935
trec_qc,8,0.2,class_conditional,trimmed_softmax_logreg,-0.12320000000000003,-0.11856435337588461,-0.592821766879423
trec_qc,8,0.2,symmetric,linear_svm_hinge,-0.08679999999999999,-0.07528635304611098,-0.3764317652305549
trec_qc,8,0.2,symmetric,multinomial_nb,-0.09640000000000004,-0.09641312794398327,-0.48206563971991634
trec_qc,8,0.2,symmetric,softmax_logreg,0.0039999999999998925,-0.03626142762797452,-0.1813071381398726
trec_qc,8,0.2,symmetric,trimmed_softmax_logreg,-0.06040000000000001,-0.09027523507364732,-0.4513761753682366
trec_qc,8,0.3,class_conditional,linear_svm_hinge,-0.12760000000000005,-0.11774559269276091,-0.39248530897586975
trec_qc,8,0.3,class_conditional,multinomial_nb,-0.14080000000000004,-0.13388355868727142,-0.4462785289575714
trec_qc,8,0.3,class_conditional,softmax_logreg,-0.11640000000000006,-0.12152900200617217,-0.40509667335390726
trec_qc,8,0.3,class_conditional,trimmed_softmax_logreg,-0.08679999999999999,-0.1062377772815889,-0.354125924271963
trec_qc,8,0.3,symmetric,linear_svm_hinge,-0.0912,-0.10583095457621894,-0.35276984858739646
trec_qc,8,0.3,symmetric,multinomial_nb,-0.10760000000000008,-0.13095215778799624,-0.43650719262665416
trec_qc,8,0.3,symmetric,softmax_logreg,-0.07840000000000003,-0.09913516893115865,-0.33045056310386217
trec_qc,8,0.3,symmetric,trimmed_softmax_logreg,-0.10880000000000001,-0.15465794321925586,-0.5155264773975196
trec_qc,16,0.05,class_conditional,linear_svm_hinge,0.006400000000000017,0.027810228068874843,0.5562045613774969
trec_qc,16,0.05,class_conditional,multinomial_nb,-0.010399999999999965,-0.008148151454864472,-0.16296302909728944
trec_qc,16,0.05,class_conditional,softmax_logreg,-0.04999999999999999,-0.04470322983944869,-0.8940645967889738
trec_qc,16,0.05,class_conditional,trimmed_softmax_logreg,-0.021600000000000008,-0.02055507306809451,-0.4111014613618902
trec_qc,16,0.05,symmetric,linear_svm_hinge,0.02839999999999998,0.023784300447580287,0.47568600895160573
trec_qc,16,0.05,symmetric,multinomial_nb,0.025599999999999956,0.013620138349036803,0.27240276698073607
trec_qc,16,0.05,symmetric,softmax_logreg,-0.013600000000000001,-0.017939277177635826,-0.3587855435527165
trec_qc,16,0.05,symmetric,trimmed_softmax_logreg,-0.013200000000000045,-0.027100981069507868,-0.5420196213901574
trec_qc,16,0.1,class_conditional,linear_svm_hinge,-0.03400000000000003,-0.0236932926108947,-0.236932926108947
trec_qc,16,0.1,class_conditional,multinomial_nb,-0.05520000000000003,-0.04263800795616107,-0.4263800795616107
trec_qc,16,0.1,class_conditional,softmax_logreg,-0.04920000000000002,-0.04439946336307932,-0.44399463363079317
trec_qc,16,0.1,class_conditional,trimmed_softmax_logreg,-0.02240000000000003,-0.041293461784647545,-0.41293461784647545
trec_qc,16,0.1,symmetric,linear_svm_hinge,-0.014399999999999968,2.2171030584050566e-05,0.00022171030584050566
trec_qc,16,0.1,symmetric,multinomial_nb,-0.004400000000000015,-0.01745983616217589,-0.1745983616217589
trec_qc,16,0.1,symmetric,softmax_logreg,-0.0252,-0.036837613559273064,-0.36837613559273064
trec_qc,16,0.1,symmetric,trimmed_softmax_logreg,-0.04240000000000005,-0.07358955684404,-0.7358955684404
trec_qc,16,0.2,class_conditional,linear_svm_hinge,-0.04239999999999999,-0.029082210717610024,-0.14541105358805012
trec_qc,16,0.2,class_conditional,multinomial_nb,-0.04920000000000008,-0.0464018085389612,-0.232009042694806
trec_qc,16,0.2,class_conditional,softmax_logreg,-0.08040000000000003,-0.07190902176118846,-0.3595451088059423
trec_qc,16,0.2,class_conditional,trimmed_softmax_logreg,-0.09000000000000002,-0.09053102241761918,-0.4526551120880959
trec_qc,16,0.2,symmetric,linear_svm_hinge,-0.053600000000000037,-0.03875041755987446,-0.1937520877993723
trec_qc,16,0.2,symmetric,multinomial_nb,-0.09000000000000002,-0.08260430159964938,-0.4130215079982469
trec_qc,16,0.2,symmetric,softmax_logreg,-0.12240000000000001,-0.1191806336738071,-0.5959031683690355
trec_qc,16,0.2,symmetric,trimmed_softmax_logreg,-0.134,-0.13783104332739327,-0.6891552166369663
trec_qc,16,0.3,class_conditional,linear_svm_hinge,-0.07480000000000003,-0.07788970388177979,-0.25963234627259935
trec_qc,16,0.3,class_conditional,multinomial_nb,-0.07000000000000006,-0.08422003302105974,-0.28073344340353246
trec_qc,16,0.3,class_conditional,softmax_logreg,-0.10120000000000001,-0.11504172720744649,-0.3834724240248216
trec_qc,16,0.3,class_conditional,trimmed_softmax_logreg,-0.10880000000000001,-0.12700342698864742,-0.42334475662882476
trec_qc,16,0.3,symmetric,linear_svm_hinge,-0.06279999999999997,-0.053165336439063404,-0.17721778813021136
trec_qc,16,0.3,symmetric,multinomial_nb,-0.09000000000000002,-0.08986362413735866,-0.29954541379119554
trec_qc,16,0.3,symmetric,softmax_logreg,-0.10600000000000004,-0.09958320334397469,-0.33194401114658234
trec_qc,16,0.3,symmetric,trimmed_softmax_logreg,-0.15000000000000002,-0.15334427960804498,-0.5111475986934833
trec_qc,64,0.05,class_conditional,linear_svm_hinge,-0.03799999999999998,-0.03219958761248931,-0.6439917522497862
trec_qc,64,0.05,class_conditional,multinomial_nb,-0.005199999999999982,-0.0009363065670191517,-0.018726131340383034
trec_qc,64,0.05,class_conditional,softmax_logreg,-0.009199999999999986,-0.01072106878035528,-0.2144213756071056
trec_qc,64,0.05,class_conditional,trimmed_softmax_logreg,-0.07519999999999993,-0.05326904371356167,-1.0653808742712334
trec_qc,64,0.05,symmetric,linear_svm_hinge,0.0031999999999999806,-0.010532272952849142,-0.21064545905698284
trec_qc,64,0.05,symmetric,multinomial_nb,-0.016400000000000026,-0.014616455006157048,-0.29232910012314095
trec_qc,64,0.05,symmetric,softmax_logreg,-0.0036000000000001586,-0.009412908500918471,-0.18825817001836942
trec_qc,64,0.05,symmetric,trimmed_softmax_logreg,-0.09279999999999977,-0.07527991327271222,-1.5055982654542444
trec_qc,64,0.1,class_conditional,linear_svm_hinge,0.01040000000000002,0.005101107147520434,0.05101107147520434
trec_qc,64,0.1,class_conditional,multinomial_nb,-0.026800000000000046,-0.01899964578300639,-0.18999645783006391
trec_qc,64,0.1,class_conditional,softmax_logreg,-0.03960000000000008,-0.03138779779565448,-0.3138779779565448
trec_qc,64,0.1,class_conditional,trimmed_softmax_logreg,-0.059599999999999875,-0.04579667665265397,-0.45796676652653967
trec_qc,64,0.1,symmetric,linear_svm_hinge,0.00039999999999995595,-0.01557969790924213,-0.1557969790924213
trec_qc,64,0.1,symmetric,multinomial_nb,-0.005599999999999938,-0.0173886179515349,-0.17388617951534902
trec_qc,64,0.1,symmetric,softmax_logreg,-0.02080000000000004,-0.022507742750123794,-0.22507742750123794
trec_qc,64,0.1,symmetric,trimmed_softmax_logreg,-0.0928,-0.08826910207966032,-0.8826910207966032
trec_qc,64,0.2,class_conditional,linear_svm_hinge,-0.030799999999999994,-0.054068533479680714,-0.27034266739840357
trec_qc,64,0.2,class_conditional,multinomial_nb,-0.04799999999999999,-0.04689652550398149,-0.23448262751990745
trec_qc,64,0.2,class_conditional,softmax_logreg,-0.05400000000000005,-0.05651132444443485,-0.28255662222217426
trec_qc,64,0.2,class_conditional,trimmed_softmax_logreg,-0.11519999999999986,-0.0979710968529326,-0.48985548426466297
trec_qc,64,0.2,symmetric,linear_svm_hinge,-0.009999999999999953,-0.034680844972440394,-0.17340422486220197
trec_qc,64,0.2,symmetric,multinomial_nb,-0.08320000000000005,-0.08030927994188208,-0.4015463997094104
trec_qc,64,0.2,symmetric,softmax_logreg,-0.0908000000000001,-0.08766161256730148,-0.4383080628365074
trec_qc,64,0.2,symmetric,trimmed_softmax_logreg,-0.18319999999999992,-0.16665822349568232,-0.8332911174784116
trec_qc,64,0.3,class_conditional,linear_svm_hinge,0.013999999999999957,-0.0036998795077088364,-0.012332931692362789
trec_qc,64,0.3,class_conditional,multinomial_nb,-0.11199999999999999,-0.1003325804965296,-0.334441934988432
trec_qc,64,0.3,class_conditional,softmax_logreg,-0.1432000000000001,-0.12515560501286543,-0.4171853500428848
trec_qc,64,0.3,class_conditional,trimmed_softmax_logreg,-0.19919999999999982,-0.14614544766944138,-0.48715149223147125
trec_qc,64,0.3,symmetric,linear_svm_hinge,-0.00599999999999995,-0.029035320574385626,-0.09678440191461876
trec_qc,64,0.3,symmetric,multinomial_nb,-0.022399999999999975,-0.03292888413123962,-0.10976294710413208
trec_qc,64,0.3,symmetric,softmax_logreg,-0.04160000000000008,-0.04725483568843891,-0.15751611896146306
trec_qc,64,0.3,symmetric,trimmed_softmax_logreg,-0.09799999999999998,-0.07504916069991596,-0.2501638689997199
trec_qc,128,0.05,class_conditional,linear_svm_hinge,0.019199999999999995,0.017648701200247308,0.35297402400494615
trec_qc,128,0.05,class_conditional,multinomial_nb,-0.04720000000000002,-0.039713040626166096,-0.7942608125233219
trec_qc,128,0.05,class_conditional,softmax_logreg,-0.000800000000000245,-0.004402109700557766,-0.08804219401115532
trec_qc,128,0.05,class_conditional,trimmed_softmax_logreg,-0.018000000000000016,-0.030926269582877808,-0.6185253916575562
trec_qc,128,0.05,symmetric,linear_svm_hinge,-0.020399999999999863,-0.02515141382891184,-0.5030282765782368
trec_qc,128,0.05,symmetric,multinomial_nb,-0.03920000000000001,-0.03025862174963012,-0.6051724349926024
trec_qc,128,0.05,symmetric,softmax_logreg,0.0027999999999998026,5.4691128322237326e-05,0.0010938225664447465
trec_qc,128,0.05,symmetric,trimmed_softmax_logreg,-0.017199999999999993,-0.023406622252608034,-0.4681324450521607
trec_qc,128,0.1,class_conditional,linear_svm_hinge,-0.03839999999999999,-0.025560497701677898,-0.255604977016779
trec_qc,128,0.1,class_conditional,multinomial_nb,-0.0716,-0.06766538602167815,-0.6766538602167815
trec_qc,128,0.1,class_conditional,softmax_logreg,-0.00560000000000016,-0.013503727582713121,-0.1350372758271312
trec_qc,128,0.1,class_conditional,trimmed_softmax_logreg,-0.016000000000000014,-0.0187170832843081,-0.187170832843081
trec_qc,128,0.1,symmetric,linear_svm_hinge,-0.019199999999999995,-0.016102242306424097,-0.16102242306424097
trec_qc,128,0.1,symmetric,multinomial_nb,-0.09440000000000004,-0.07587111393337298,-0.7587111393337298
trec_qc,128,0.1,symmetric,softmax_logreg,-0.015199999999999991,-0.014790344885033835,-0.14790344885033835
trec_qc,128,0.1,symmetric,trimmed_softmax_logreg,-0.06320000000000003,-0.050061299104800505,-0.500612991048005
trec_qc,128,0.2,class_conditional,linear_svm_hinge,-0.08879999999999999,-0.07558211485892619,-0.37791057429463093
trec_qc,128,0.2,class_conditional,multinomial_nb,-0.13040000000000018,-0.12069341869444439,-0.6034670934722219
trec_qc,128,0.2,class_conditional,softmax_logreg,-0.06240000000000012,-0.057719779224991496,-0.2885988961249575
trec_qc,128,0.2,class_conditional,trimmed_softmax_logreg,-0.08799999999999997,-0.09142265289038087,-0.45711326445190437
trec_qc,128,0.2,symmetric,linear_svm_hinge,-0.06919999999999993,-0.05777713940855245,-0.28888569704276224
trec_qc,128,0.2,symmetric,multinomial_nb,-0.14400000000000002,-0.12188310362387778,-0.6094155181193889
trec_qc,128,0.2,symmetric,softmax_logreg,-0.05760000000000021,-0.046225267741731746,-0.23112633870865873
trec_qc,128,0.2,symmetric,trimmed_softmax_logreg,-0.0815999999999999,-0.06542454326017233,-0.32712271630086165
trec_qc,128,0.3,class_conditional,linear_svm_hinge,-0.04480000000000006,-0.06581028280124646,-0.2193676093374882
trec_qc,128,0.3,class_conditional,multinomial_nb,-0.2208000000000001,-0.1999261150306369,-0.6664203834354564
trec_qc,128,0.3,class_conditional,softmax_logreg,-0.1544000000000001,-0.14506343914754538,-0.48354479715848464
trec_qc,128,0.3,class_conditional,trimmed_softmax_logreg,-0.18279999999999996,-0.19806358689937892,-0.6602119563312631
trec_qc,128,0.3,symmetric,linear_svm_hinge,-0.08640000000000003,-0.0996927413299426,-0.33230913776647536
trec_qc,128,0.3,symmetric,multinomial_nb,-0.1724,-0.1613624652267288,-0.5378748840890961
trec_qc,128,0.3,symmetric,softmax_logreg,-0.04720000000000013,-0.05639575289827148,-0.18798584299423826
trec_qc,128,0.3,symmetric,trimmed_softmax_logreg,-0.09000000000000008,-0.10061227378478044,-0.3353742459492681
