dataset,budget_per_class,noise_rate,noise_type,method,seed,status,old_accuracy,new_accuracy,delta_accuracy,old_macro_f1,new_macro_f1,delta_macro_f1
ag_news,8,0.0,class_conditional,linear_svm_hinge,101,compared,0.4225,0.4225,0.0,0.411099485207772,0.411099485207772,0.0
ag_news,8,0.0,class_conditional,linear_svm_hinge,202,compared,0.51,0.51,0.0,0.5068241044063576,0.5068241044063576,0.0
ag_news,8,0.0,class_conditional,linear_svm_hinge,303,compared,0.5025,0.5025,0.0,0.49396797096462847,0.49396797096462847,0.0
ag_news,8,0.0,class_conditional,linear_svm_hinge,404,compared,0.54,0.54,0.0,0.5319929229224082,0.5319929229224082,0.0
ag_news,8,0.0,class_conditional,linear_svm_hinge,505,compared,0.4475,0.4475,0.0,0.4284358601860281,0.4284358601860281,0.0
ag_news,8,0.0,symmetric,linear_svm_hinge,101,compared,0.4225,0.4225,0.0,0.411099485207772,0.411099485207772,0.0
ag_news,8,0.0,symmetric,linear_svm_hinge,202,compared,0.51,0.51,0.0,0.5068241044063576,0.5068241044063576,0.0
ag_news,8,0.0,symmetric,linear_svm_hinge,303,compared,0.5025,0.5025,0.0,0.49396797096462847,0.49396797096462847,0.0
ag_news,8,0.0,symmetric,linear_svm_hinge,404,compared,0.54,0.54,0.0,0.5319929229224082,0.5319929229224082,0.0
ag_news,8,0.0,symmetric,linear_svm_hinge,505,compared,0.4475,0.4475,0.0,0.4284358601860281,0.4284358601860281,0.0
ag_news,16,0.0,class_conditional,linear_svm_hinge,101,compared,0.5075,0.5075,0.0,0.5047767881306707,0.5047767881306707,0.0
ag_news,16,0.0,class_conditional,linear_svm_hinge,202,compared,0.57125,0.57125,0.0,0.5614585357020129,0.5614585357020129,0.0
ag_news,16,0.0,class_conditional,linear_svm_hinge,303,compared,0.53625,0.53625,0.0,0.5309403553751785,0.5309403553751785,0.0
ag_news,16,0.0,class_conditional,linear_svm_hinge,404,compared,0.5825,0.5825,0.0,0.5832402514379118,0.5832402514379118,0.0
ag_news,16,0.0,class_conditional,linear_svm_hinge,505,compared,0.59,0.59,0.0,0.5778326502636039,0.5778326502636039,0.0
ag_news,16,0.0,symmetric,linear_svm_hinge,101,compared,0.5075,0.5075,0.0,0.5047767881306707,0.5047767881306707,0.0
ag_news,16,0.0,symmetric,linear_svm_hinge,202,compared,0.57125,0.57125,0.0,0.5614585357020129,0.5614585357020129,0.0
ag_news,16,0.0,symmetric,linear_svm_hinge,303,compared,0.53625,0.53625,0.0,0.5309403553751785,0.5309403553751785,0.0
ag_news,16,0.0,symmetric,linear_svm_hinge,404,compared,0.5825,0.5825,0.0,0.5832402514379118,0.5832402514379118,0.0
ag_news,16,0.0,symmetric,linear_svm_hinge,505,compared,0.59,0.59,0.0,0.5778326502636039,0.5778326502636039,0.0
ag_news,32,0.0,class_conditional,linear_svm_hinge,101,new_clean_key_not_in_old,,0.68,,,0.6774942129714022,
ag_news,32,0.0,class_conditional,linear_svm_hinge,202,new_clean_key_not_in_old,,0.66625,,,0.665459773440957,
ag_news,32,0.0,class_conditional,linear_svm_hinge,303,new_clean_key_not_in_old,,0.63125,,,0.6243644818998626,
ag_news,32,0.0,class_conditional,linear_svm_hinge,404,new_clean_key_not_in_old,,0.59875,,,0.5801266152674636,
ag_news,32,0.0,class_conditional,linear_svm_hinge,505,new_clean_key_not_in_old,,0.63625,,,0.6119925142021337,
ag_news,32,0.0,symmetric,linear_svm_hinge,101,new_clean_key_not_in_old,,0.68,,,0.6774942129714022,
ag_news,32,0.0,symmetric,linear_svm_hinge,202,new_clean_key_not_in_old,,0.66625,,,0.665459773440957,
ag_news,32,0.0,symmetric,linear_svm_hinge,303,new_clean_key_not_in_old,,0.63125,,,0.6243644818998626,
ag_news,32,0.0,symmetric,linear_svm_hinge,404,new_clean_key_not_in_old,,0.59875,,,0.5801266152674636,
ag_news,32,0.0,symmetric,linear_svm_hinge,505,new_clean_key_not_in_old,,0.63625,,,0.6119925142021337,
ag_news,64,0.0,class_conditional,linear_svm_hinge,101,compared,0.62625,0.62625,0.0,0.6030543793174115,0.6030543793174115,0.0
ag_news,64,0.0,class_conditional,linear_svm_hinge,202,compared,0.73,0.73,0.0,0.7326482359359089,0.7326482359359089,0.0
ag_news,64,0.0,class_conditional,linear_svm_hinge,303,compared,0.66125,0.66125,0.0,0.6346585667888679,0.6346585667888679,0.0
ag_news,64,0.0,class_conditional,linear_svm_hinge,404,compared,0.6975,0.6975,0.0,0.6827568976053121,0.6827568976053121,0.0
ag_news,64,0.0,class_conditional,linear_svm_hinge,505,compared,0.72875,0.72875,0.0,0.726647406568987,0.726647406568987,0.0
ag_news,64,0.0,symmetric,linear_svm_hinge,101,compared,0.62625,0.62625,0.0,0.6030543793174115,0.6030543793174115,0.0
ag_news,64,0.0,symmetric,linear_svm_hinge,202,compared,0.73,0.73,0.0,0.7326482359359089,0.7326482359359089,0.0
ag_news,64,0.0,symmetric,linear_svm_hinge,303,compared,0.66125,0.66125,0.0,0.6346585667888679,0.6346585667888679,0.0
ag_news,64,0.0,symmetric,linear_svm_hinge,404,compared,0.6975,0.6975,0.0,0.6827568976053121,0.6827568976053121,0.0
ag_news,64,0.0,symmetric,linear_svm_hinge,505,compared,0.72875,0.72875,0.0,0.726647406568987,0.726647406568987,0.0
ag_news,128,0.0,class_conditional,linear_svm_hinge,101,compared,0.76125,0.76125,0.0,0.7530681217480879,0.7530681217480879,0.0
ag_news,128,0.0,class_conditional,linear_svm_hinge,202,compared,0.715,0.715,0.0,0.7034418478860747,0.7034418478860747,0.0
ag_news,128,0.0,class_conditional,linear_svm_hinge,303,compared,0.75375,0.75375,0.0,0.7511025423604892,0.7511025423604892,0.0
ag_news,128,0.0,class_conditional,linear_svm_hinge,404,compared,0.7575,0.7575,0.0,0.752356129410924,0.752356129410924,0.0
ag_news,128,0.0,class_conditional,linear_svm_hinge,505,compared,0.7475,0.7475,0.0,0.7487155595438545,0.7487155595438545,0.0
ag_news,128,0.0,symmetric,linear_svm_hinge,101,compared,0.76125,0.76125,0.0,0.7530681217480879,0.7530681217480879,0.0
ag_news,128,0.0,symmetric,linear_svm_hinge,202,compared,0.715,0.715,0.0,0.7034418478860747,0.7034418478860747,0.0
ag_news,128,0.0,symmetric,linear_svm_hinge,303,compared,0.75375,0.75375,0.0,0.7511025423604892,0.7511025423604892,0.0
ag_news,128,0.0,symmetric,linear_svm_hinge,404,compared,0.7575,0.7575,0.0,0.752356129410924,0.752356129410924,0.0
ag_news,128,0.0,symmetric,linear_svm_hinge,505,compared,0.7475,0.7475,0.0,0.7487155595438545,0.7487155595438545,0.0
dbpedia_14,8,0.0,class_conditional,linear_svm_hinge,101,compared,0.6739285714285714,0.6739285714285714,0.0,0.6424851833966486,0.6424851833966486,0.0
dbpedia_14,8,0.0,class_conditional,linear_svm_hinge,202,compared,0.6532142857142857,0.6532142857142857,0.0,0.6002077427790097,0.6002077427790097,0.0
dbpedia_14,8,0.0,class_conditional,linear_svm_hinge,303,compared,0.5703571428571429,0.5703571428571429,0.0,0.5470318628987813,0.5470318628987813,0.0
dbpedia_14,8,0.0,class_conditional,linear_svm_hinge,404,compared,0.7096428571428571,0.7096428571428571,0.0,0.6997917080417623,0.6997917080417623,0.0
dbpedia_14,8,0.0,class_conditional,linear_svm_hinge,505,compared,0.6239285714285714,0.6239285714285714,0.0,0.5979997313746733,0.5979997313746733,0.0
dbpedia_14,8,0.0,symmetric,linear_svm_hinge,101,compared,0.6739285714285714,0.6739285714285714,0.0,0.6424851833966486,0.6424851833966486,0.0
dbpedia_14,8,0.0,symmetric,linear_svm_hinge,202,compared,0.6532142857142857,0.6532142857142857,0.0,0.6002077427790097,0.6002077427790097,0.0
dbpedia_14,8,0.0,symmetric,linear_svm_hinge,303,compared,0.5703571428571429,0.5703571428571429,0.0,0.5470318628987813,0.5470318628987813,0.0
dbpedia_14,8,0.0,symmetric,linear_svm_hinge,404,compared,0.7096428571428571,0.7096428571428571,0.0,0.6997917080417623,0.6997917080417623,0.0
dbpedia_14,8,0.0,symmetric,linear_svm_hinge,505,compared,0.6239285714285714,0.6239285714285714,0.0,0.5979997313746733,0.5979997313746733,0.0
dbpedia_14,16,0.0,class_conditional,linear_svm_hinge,101,compared,0.7417857142857143,0.7417857142857143,0.0,0.7243432212294582,0.7243432212294582,0.0
dbpedia_14,16,0.0,class_conditional,linear_svm_hinge,202,compared,0.7657142857142857,0.7657142857142857,0.0,0.7548782760172426,0.7548782760172426,0.0
dbpedia_14,16,0.0,class_conditional,linear_svm_hinge,303,compared,0.7564285714285715,0.7564285714285715,0.0,0.7298944211908648,0.7298944211908648,0.0
dbpedia_14,16,0.0,class_conditional,linear_svm_hinge,404,compared,0.7328571428571429,0.7328571428571429,0.0,0.7051045259090503,0.7051045259090503,0.0
dbpedia_14,16,0.0,class_conditional,linear_svm_hinge,505,compared,0.6978571428571428,0.6978571428571428,0.0,0.6601050529240073,0.6601050529240073,0.0
dbpedia_14,16,0.0,symmetric,linear_svm_hinge,101,compared,0.7417857142857143,0.7417857142857143,0.0,0.7243432212294582,0.7243432212294582,0.0
dbpedia_14,16,0.0,symmetric,linear_svm_hinge,202,compared,0.7657142857142857,0.7657142857142857,0.0,0.7548782760172426,0.7548782760172426,0.0
dbpedia_14,16,0.0,symmetric,linear_svm_hinge,303,compared,0.7564285714285715,0.7564285714285715,0.0,0.7298944211908648,0.7298944211908648,0.0
dbpedia_14,16,0.0,symmetric,linear_svm_hinge,404,compared,0.7328571428571429,0.7328571428571429,0.0,0.7051045259090503,0.7051045259090503,0.0
dbpedia_14,16,0.0,symmetric,linear_svm_hinge,505,compared,0.6978571428571428,0.6978571428571428,0.0,0.6601050529240073,0.6601050529240073,0.0
dbpedia_14,32,0.0,class_conditional,linear_svm_hinge,101,new_clean_key_not_in_old,,0.8192857142857143,,,0.816226952250532,
dbpedia_14,32,0.0,class_conditional,linear_svm_hinge,202,new_clean_key_not_in_old,,0.8175,,,0.8091902909762244,
dbpedia_14,32,0.0,class_conditional,linear_svm_hinge,303,new_clean_key_not_in_old,,0.7589285714285714,,,0.7364963132137013,
dbpedia_14,32,0.0,class_conditional,linear_svm_hinge,404,new_clean_key_not_in_old,,0.7207142857142858,,,0.7019774063072315,
dbpedia_14,32,0.0,class_conditional,linear_svm_hinge,505,new_clean_key_not_in_old,,0.7642857142857142,,,0.751556394649678,
dbpedia_14,32,0.0,symmetric,linear_svm_hinge,101,new_clean_key_not_in_old,,0.8192857142857143,,,0.816226952250532,
dbpedia_14,32,0.0,symmetric,linear_svm_hinge,202,new_clean_key_not_in_old,,0.8175,,,0.8091902909762244,
dbpedia_14,32,0.0,symmetric,linear_svm_hinge,303,new_clean_key_not_in_old,,0.7589285714285714,,,0.7364963132137013,
dbpedia_14,32,0.0,symmetric,linear_svm_hinge,404,new_clean_key_not_in_old,,0.7207142857142858,,,0.7019774063072315,
dbpedia_14,32,0.0,symmetric,linear_svm_hinge,505,new_clean_key_not_in_old,,0.7642857142857142,,,0.751556394649678,
dbpedia_14,64,0.0,class_conditional,linear_svm_hinge,101,compared,0.8303571428571429,0.8303571428571429,0.0,0.8226199035197241,0.8226199035197241,0.0
dbpedia_14,64,0.0,class_conditional,linear_svm_hinge,202,compared,0.8339285714285715,0.8339285714285715,0.0,0.8300416526984264,0.8300416526984264,0.0
dbpedia_14,64,0.0,class_conditional,linear_svm_hinge,303,compared,0.8235714285714286,0.8235714285714286,0.0,0.8119629294989515,0.8119629294989515,0.0
dbpedia_14,64,0.0,class_conditional,linear_svm_hinge,404,compared,0.7839285714285714,0.7839285714285714,0.0,0.7659629282602651,0.7659629282602651,0.0
dbpedia_14,64,0.0,class_conditional,linear_svm_hinge,505,compared,0.8278571428571428,0.8278571428571428,0.0,0.8121220124389625,0.8121220124389625,0.0
dbpedia_14,64,0.0,symmetric,linear_svm_hinge,101,compared,0.8303571428571429,0.8303571428571429,0.0,0.8226199035197241,0.8226199035197241,0.0
dbpedia_14,64,0.0,symmetric,linear_svm_hinge,202,compared,0.8339285714285715,0.8339285714285715,0.0,0.8300416526984264,0.8300416526984264,0.0
dbpedia_14,64,0.0,symmetric,linear_svm_hinge,303,compared,0.8235714285714286,0.8235714285714286,0.0,0.8119629294989515,0.8119629294989515,0.0
dbpedia_14,64,0.0,symmetric,linear_svm_hinge,404,compared,0.7839285714285714,0.7839285714285714,0.0,0.7659629282602651,0.7659629282602651,0.0
dbpedia_14,64,0.0,symmetric,linear_svm_hinge,505,compared,0.8278571428571428,0.8278571428571428,0.0,0.8121220124389625,0.8121220124389625,0.0
dbpedia_14,128,0.0,class_conditional,linear_svm_hinge,101,compared,0.8875,0.8875,0.0,0.8848771060794025,0.8848771060794025,0.0
dbpedia_14,128,0.0,class_conditional,linear_svm_hinge,202,compared,0.8785714285714286,0.8785714285714286,0.0,0.8733002721375916,0.8733002721375916,0.0
dbpedia_14,128,0.0,class_conditional,linear_svm_hinge,303,compared,0.8782142857142857,0.8782142857142857,0.0,0.8749863839483328,0.8749863839483328,0.0
dbpedia_14,128,0.0,class_conditional,linear_svm_hinge,404,compared,0.87,0.87,0.0,0.8666935301163324,0.8666935301163324,0.0
dbpedia_14,128,0.0,class_conditional,linear_svm_hinge,505,compared,0.8575,0.8575,0.0,0.8531142183125127,0.8531142183125127,0.0
dbpedia_14,128,0.0,symmetric,linear_svm_hinge,101,compared,0.8875,0.8875,0.0,0.8848771060794025,0.8848771060794025,0.0
dbpedia_14,128,0.0,symmetric,linear_svm_hinge,202,compared,0.8785714285714286,0.8785714285714286,0.0,0.8733002721375916,0.8733002721375916,0.0
dbpedia_14,128,0.0,symmetric,linear_svm_hinge,303,compared,0.8782142857142857,0.8782142857142857,0.0,0.8749863839483328,0.8749863839483328,0.0
dbpedia_14,128,0.0,symmetric,linear_svm_hinge,404,compared,0.87,0.87,0.0,0.8666935301163324,0.8666935301163324,0.0
dbpedia_14,128,0.0,symmetric,linear_svm_hinge,505,compared,0.8575,0.8575,0.0,0.8531142183125127,0.8531142183125127,0.0
trec_qc,8,0.0,class_conditional,linear_svm_hinge,101,compared,0.358,0.358,0.0,0.36309209465474185,0.36309209465474185,0.0
trec_qc,8,0.0,class_conditional,linear_svm_hinge,202,compared,0.54,0.54,0.0,0.4637654730568505,0.4637654730568505,0.0
trec_qc,8,0.0,class_conditional,linear_svm_hinge,303,compared,0.546,0.546,0.0,0.5333462076881296,0.5333462076881296,0.0
trec_qc,8,0.0,class_conditional,linear_svm_hinge,404,compared,0.504,0.504,0.0,0.4650535221094469,0.4650535221094469,0.0
trec_qc,8,0.0,class_conditional,linear_svm_hinge,505,compared,0.35,0.35,0.0,0.33556317355818926,0.33556317355818926,0.0
trec_qc,8,0.0,symmetric,linear_svm_hinge,101,compared,0.358,0.358,0.0,0.36309209465474185,0.36309209465474185,0.0
trec_qc,8,0.0,symmetric,linear_svm_hinge,202,compared,0.54,0.54,0.0,0.4637654730568505,0.4637654730568505,0.0
trec_qc,8,0.0,symmetric,linear_svm_hinge,303,compared,0.546,0.546,0.0,0.5333462076881296,0.5333462076881296,0.0
trec_qc,8,0.0,symmetric,linear_svm_hinge,404,compared,0.504,0.504,0.0,0.4650535221094469,0.4650535221094469,0.0
trec_qc,8,0.0,symmetric,linear_svm_hinge,505,compared,0.35,0.35,0.0,0.33556317355818926,0.33556317355818926,0.0
trec_qc,16,0.0,class_conditional,linear_svm_hinge,101,compared,0.412,0.412,0.0,0.4275038388474184,0.4275038388474184,0.0
trec_qc,16,0.0,class_conditional,linear_svm_hinge,202,compared,0.382,0.382,0.0,0.37809980847006797,0.37809980847006797,0.0
trec_qc,16,0.0,class_conditional,linear_svm_hinge,303,compared,0.492,0.492,0.0,0.4537022105359841,0.4537022105359841,0.0
trec_qc,16,0.0,class_conditional,linear_svm_hinge,404,compared,0.6,0.6,0.0,0.5274172100026713,0.5274172100026713,0.0
trec_qc,16,0.0,class_conditional,linear_svm_hinge,505,compared,0.366,0.366,0.0,0.35902812696584707,0.35902812696584707,0.0
trec_qc,16,0.0,symmetric,linear_svm_hinge,101,compared,0.412,0.412,0.0,0.4275038388474184,0.4275038388474184,0.0
trec_qc,16,0.0,symmetric,linear_svm_hinge,202,compared,0.382,0.382,0.0,0.37809980847006797,0.37809980847006797,0.0
trec_qc,16,0.0,symmetric,linear_svm_hinge,303,compared,0.492,0.492,0.0,0.4537022105359841,0.4537022105359841,0.0
trec_qc,16,0.0,symmetric,linear_svm_hinge,404,compared,0.6,0.6,0.0,0.5274172100026713,0.5274172100026713,0.0
trec_qc,16,0.0,symmetric,linear_svm_hinge,505,compared,0.366,0.366,0.0,0.35902812696584707,0.35902812696584707,0.0
trec_qc,32,0.0,class_conditional,linear_svm_hinge,101,new_clean_key_not_in_old,,0.426,,,0.455904037141813,
trec_qc,32,0.0,class_conditional,linear_svm_hinge,202,new_clean_key_not_in_old,,0.434,,,0.4135398567293052,
trec_qc,32,0.0,class_conditional,linear_svm_hinge,303,new_clean_key_not_in_old,,0.4,,,0.42489441746218914,
trec_qc,32,0.0,class_conditional,linear_svm_hinge,404,new_clean_key_not_in_old,,0.402,,,0.4271538717601338,
trec_qc,32,0.0,class_conditional,linear_svm_hinge,505,new_clean_key_not_in_old,,0.49,,,0.485689042599458,
trec_qc,32,0.0,symmetric,linear_svm_hinge,101,new_clean_key_not_in_old,,0.426,,,0.455904037141813,
trec_qc,32,0.0,symmetric,linear_svm_hinge,202,new_clean_key_not_in_old,,0.434,,,0.4135398567293052,
trec_qc,32,0.0,symmetric,linear_svm_hinge,303,new_clean_key_not_in_old,,0.4,,,0.42489441746218914,
trec_qc,32,0.0,symmetric,linear_svm_hinge,404,new_clean_key_not_in_old,,0.402,,,0.4271538717601338,
trec_qc,32,0.0,symmetric,linear_svm_hinge,505,new_clean_key_not_in_old,,0.49,,,0.485689042599458,
trec_qc,64,0.0,class_conditional,linear_svm_hinge,101,compared,0.492,0.492,0.0,0.5178662825844454,0.5178662825844454,0.0
trec_qc,64,0.0,class_conditional,linear_svm_hinge,202,compared,0.4,0.4,0.0,0.39839153254752807,0.39839153254752807,0.0
trec_qc,64,0.0,class_conditional,linear_svm_hinge,303,compared,0.512,0.512,0.0,0.520608866816739,0.520608866816739,0.0
trec_qc,64,0.0,class_conditional,linear_svm_hinge,404,compared,0.486,0.486,0.0,0.4905960009607062,0.4905960009607062,0.0
trec_qc,64,0.0,class_conditional,linear_svm_hinge,505,compared,0.482,0.482,0.0,0.49416024187933133,0.49416024187933133,0.0
trec_qc,64,0.0,symmetric,linear_svm_hinge,101,compared,0.492,0.492,0.0,0.5178662825844454,0.5178662825844454,0.0
trec_qc,64,0.0,symmetric,linear_svm_hinge,202,compared,0.4,0.4,0.0,0.39839153254752807,0.39839153254752807,0.0
trec_qc,64,0.0,symmetric,linear_svm_hinge,303,compared,0.512,0.512,0.0,0.520608866816739,0.520608866816739,0.0
trec_qc,64,0.0,symmetric,linear_svm_hinge,404,compared,0.486,0.486,0.0,0.4905960009607062,0.4905960009607062,0.0
trec_qc,64,0.0,symmetric,linear_svm_hinge,505,compared,0.482,0.482,0.0,0.49416024187933133,0.49416024187933133,0.0
trec_qc,128,0.0,class_conditional,linear_svm_hinge,101,compared,0.532,0.532,0.0,0.49795656843820785,0.49795656843820785,0.0
trec_qc,128,0.0,class_conditional,linear_svm_hinge,202,compared,0.574,0.574,0.0,0.5786227755372663,0.5786227755372663,0.0
trec_qc,128,0.0,class_conditional,linear_svm_hinge,303,compared,0.494,0.494,0.0,0.454066024041515,0.454066024041515,0.0
trec_qc,128,0.0,class_conditional,linear_svm_hinge,404,compared,0.702,0.702,0.0,0.6171986272405234,0.6171986272405234,0.0
trec_qc,128,0.0,class_conditional,linear_svm_hinge,505,compared,0.506,0.506,0.0,0.500567965080671,0.500567965080671,0.0
trec_qc,128,0.0,symmetric,linear_svm_hinge,101,compared,0.532,0.532,0.0,0.49795656843820785,0.49795656843820785,0.0
trec_qc,128,0.0,symmetric,linear_svm_hinge,202,compared,0.574,0.574,0.0,0.5786227755372663,0.5786227755372663,0.0
trec_qc,128,0.0,symmetric,linear_svm_hinge,303,compared,0.494,0.494,0.0,0.454066024041515,0.454066024041515,0.0
trec_qc,128,0.0,symmetric,linear_svm_hinge,404,compared,0.702,0.702,0.0,0.6171986272405234,0.6171986272405234,0.0
trec_qc,128,0.0,symmetric,linear_svm_hinge,505,compared,0.506,0.506,0.0,0.500567965080671,0.500567965080671,0.0
